-- phpMyAdmin SQL Dump
-- version 3.3.10deb1
-- http://www.phpmyadmin.net
--
-- Хост: localhost
-- Время создания: Окт 10 2011 г., 13:53
-- Версия сервера: 5.1.54
-- Версия PHP: 5.3.5-1ubuntu7.2

SET SQL_MODE="NO_AUTO_VALUE_ON_ZERO";


/*!40101 SET @OLD_CHARACTER_SET_CLIENT=@@CHARACTER_SET_CLIENT */;
/*!40101 SET @OLD_CHARACTER_SET_RESULTS=@@CHARACTER_SET_RESULTS */;
/*!40101 SET @OLD_COLLATION_CONNECTION=@@COLLATION_CONNECTION */;
/*!40101 SET NAMES utf8 */;

--
-- База данных: `TaskDB`
--

-- --------------------------------------------------------

--
-- Структура таблицы `Events`
--

CREATE TABLE IF NOT EXISTS `Events` (
  `id_Event` int(10) NOT NULL AUTO_INCREMENT,
  `ToFrom` int(3) DEFAULT NULL,
  `ToWhom` int(3) DEFAULT NULL,
  `date` datetime DEFAULT NULL,
  `Description` text,
  `IsRead` int(1) DEFAULT '0',
  `mail` text,
  `isSend` int(1) DEFAULT '0',
  PRIMARY KEY (`id_Event`)
) ENGINE=MyISAM  DEFAULT CHARSET=utf8 AUTO_INCREMENT=362 ;

--
-- Дамп данных таблицы `Events`
--

INSERT INTO `Events` (`id_Event`, `ToFrom`, `ToWhom`, `date`, `Description`, `IsRead`, `mail`, `isSend`) VALUES
(150, 1, 1, '2011-10-01 00:00:00', 'Новая задача: Настроить ТСД', 1, '', 0),
(151, 1, 1, '2011-10-01 00:00:00', 'Новая задача: Рассказать ЗСН про лицензии и сервера, выпросить стопицот денег', 1, '', 0),
(152, 1, 1, '2011-10-01 00:00:00', 'Новая задача: Написать инструкцию по Gemo и Desmos ', 1, '', 0),
(153, 2, 1, '2011-10-01 00:00:00', 'Новая задача: Обновить базу до 1.17', 1, '', 0),
(154, 2, 1, '2011-10-01 00:00:00', 'Новая задача: Закрыть Август.', 1, '', 0),
(155, 2, 1, '2011-10-01 00:00:00', 'Новая задача: Пакетная печать документов, не Групповой обработкой', 1, '', 0),
(156, 1, 5, '2011-10-01 00:00:00', 'Новая задача: Разобраться с однокласниками и торентами в Москве', 1, '', 0),
(157, 1, 5, '2011-10-01 00:00:00', 'Новая задача: Запретить usb на станках', 1, '', 0),
(158, 1, 1, '2011-10-01 00:00:00', 'Новая задача: СРОЧНО!!! Штрихкоды для кики!', 1, '', 0),
(159, 1, 1, '2011-10-01 00:00:00', 'Новая задача: Командировка с Самару', 1, '', 0),
(160, 2, 1, '2011-10-01 00:00:00', 'Статус изменен:отменена задача: Пакетная печать документов, не Групповой обработкой', 1, '', 0),
(161, 2, 1, '2011-10-01 00:00:00', 'Статус изменен:не начата задача: Пакетная печать документов, не Групповой обработкой', 1, '', 0),
(162, 1, 1, '2011-10-01 00:00:00', 'Новая задача: Командировка в Москву, переделать инет, разобрать сервер', 1, '', 0),
(163, 1, 1, '2011-10-01 00:00:00', 'Новая задача: Командировка с Тверь, разобрать сервер', 1, '', 0),
(164, 1, 1, '2011-10-01 00:00:00', 'Изменена задача: Командировка в Тверь, разобрать сервер', 1, '', 0),
(165, 1, 6, '2011-10-01 00:00:00', 'Новая задача: Сделать детализацию по звонкам', 1, '', 0),
(166, 2, 5, '2011-10-01 00:00:00', 'Ход: Там сложная задача для задачи: Разобраться с однокласниками и торентами в Москве', 1, '', 0),
(167, 2, 1, '2011-10-01 00:00:00', 'Ход: Там сложная задача для задачи: Разобраться с однокласниками и торентами в Москве', 1, '', 0),
(168, 1, 1, '2011-10-01 00:00:00', 'Новая задача: Сдать авансовый отчет', 1, '', 0),
(169, 1, 1, '2011-10-01 00:00:00', 'Новая задача: Продемонстрировать работу Гемо-Десмос-Оптипланинг людям', 1, '', 0),
(170, 1, 5, '2011-10-01 00:00:00', 'Новая задача: Сеть Биесса', 1, '', 0),
(171, 1, 5, '2011-10-01 00:00:00', 'Новая задача: Видеонаблюдение Плюс', 1, '', 0),
(172, 1, 5, '2011-10-01 00:00:00', 'Новая задача: Телефоны Плюс', 1, '', 0),
(173, 1, 5, '2011-10-01 00:00:00', 'Изменена задача: Сеть Биесса Плюс', 1, '', 0),
(174, 1, 1, '2011-10-01 00:00:00', 'Новая задача: Подписать зарплаты', 1, '', 0),
(175, 1, 1, '2011-10-01 00:00:00', 'Новая задача: Разобраться с печатью этикеток из Gemo ', 1, '', 0),
(176, 2, 1, '2011-10-01 00:00:00', 'Ход: Сентябрь? для задачи: Подписать зарплаты', 1, '', 0),
(177, 2, 1, '2011-10-01 00:00:00', 'Ход: Сентябрь? для задачи: Подписать зарплаты', 1, '', 0),
(178, 2, 1, '2011-10-01 00:00:00', 'Новая задача: автоматическая установка даты запрета редактирования для Операторов производства', 1, '', 0),
(179, 2, 1, '2011-10-01 00:00:00', 'Статус изменен:в процессе задача: автоматическая установка даты запрета редактирования для Операторов производства', 1, '', 0),
(180, 1, 1, '2011-10-01 00:00:00', 'Статус изменен:в процессе задача: СРОЧНО!!! Штрихкоды для кики!', 1, '', 0),
(181, 1, 1, '2011-10-01 00:00:00', 'Ход: Позвонить Федору 9037723696 для задачи: СРОЧНО!!! Штрихкоды для кики!', 1, '', 0),
(182, 2, 1, '2011-10-01 00:00:00', 'Новая задача: Бета тестирование задач.', 1, '', 0),
(183, 2, 1, '2011-10-01 00:00:00', 'Статус изменен:в процессе задача: Закрыть Август.', 1, '', 0),
(184, 2, 4, '2011-10-01 00:00:00', 'Новая задача: Пробная задача', 1, '', 0),
(185, 2, 1, '2011-10-01 00:00:00', 'Новая задача: Пробная задача', 1, '', 0),
(186, 4, 1, '2011-10-01 00:00:00', 'Статус изменен:в процессе задача: Переделать Поступление для ввода данных по ТТН', 1, '', 0),
(187, 4, 1, '2011-10-01 00:00:00', 'Изменена задача: Переделать Поступление для ввода данных по ТТН в (Москве)\r\n', 1, '', 0),
(188, 1, 4, '2011-10-01 00:00:00', 'Статус изменен:выполнена задача: Переделать Поступление для ввода данных по ТТН в (Москве)\r\n', 1, '', 0),
(189, 4, 1, '2011-10-01 00:00:00', 'Новая задача: Возврат поставщику', 1, '', 0),
(190, 4, 1, '2011-10-01 00:00:00', 'Изменена задача: Возврат поставщику Реализация', 1, '', 0),
(191, 4, 1, '2011-10-01 00:00:00', 'Изменена задача: Возврат поставщику Реализация Пермещение', 1, '', 0),
(192, 4, 1, '2011-10-01 00:00:00', 'Изменена задача: Возврат поставщику_, Реализация_, Перемещение_, добавить закладку ТТН', 1, '', 0),
(193, 4, 1, '2011-10-01 00:00:00', 'Статус изменен:в процессе задача: Возврат поставщику_, Реализация_, Перемещение_, добавить закладку ТТН', 1, '', 0),
(194, 2, 7, '2011-10-01 00:00:00', 'Новая задача: Тестирование терминала A04-ts', 1, '', 0),
(195, 2, 1, '2011-10-01 00:00:00', 'Новая задача: Тестирование терминала A04-ts', 1, '', 0),
(196, 7, 1, '2011-10-01 00:00:00', 'Ход: а что тестировать? :) для задачи: Тестирование терминала A04-ts', 1, '', 0),
(197, 4, 1, '2011-10-01 00:00:00', 'Ход: Для реализации уже реализовано для задачи: Возврат поставщику_, Реализация_, Перемещение_, добавить закладку ТТН', 1, '', 0),
(198, 2, 7, '2011-10-01 00:00:00', 'Ход: надо на железяку поставить для задачи: Тестирование терминала A04-ts', 1, '', 0),
(199, 2, 1, '2011-10-01 00:00:00', 'Ход: надо на железяку поставить для задачи: Тестирование терминала A04-ts', 1, '', 0),
(200, 1, 1, '2011-10-01 00:00:00', 'Новая задача: СРОЧНО!!! Отпроситься на четверг-пятницу', 1, '', 0),
(201, 1, 6, '2011-10-01 00:00:00', 'Ваша задача: Сделать детализацию по звонкам передана другому', 1, '', 0),
(202, 1, 7, '2011-10-01 00:00:00', 'Новая задача: Сделать детализацию по звонкам', 1, '', 0),
(203, 5, 1, '2011-10-01 00:00:00', 'Ход: Все кабеля раскинуты, осталось определится с оконечкой для задачи: Сеть Биесса Плюс', 1, '', 0),
(204, 5, 1, '2011-10-01 00:00:00', 'Новая задача: Перенос сети и телефона в участке упаковки', 1, '', 0),
(205, 5, 1, '2011-10-01 00:00:00', 'Ход: Стадия заключения договора с Голден Ай для задачи: Видеонаблюдение Плюс', 1, '', 0),
(206, 1, 1, '2011-10-01 00:00:00', 'Новая задача: Начать бекапить базы итальянцев', 1, '', 0),
(207, 1, 5, '2011-10-01 00:00:00', 'Новая задача: Починить ТСД для Марьиванны', 1, '', 0),
(208, 2, 1, '2011-10-01 00:00:00', 'Новая задача: Статистика кадров не правильные данные', 1, '', 0),
(209, 2, 1, '2011-10-01 00:00:00', 'Статус изменен:в процессе задача: Статистика кадров не правильные данные', 1, '', 0),
(210, 2, 1, '2011-10-01 00:00:00', 'Ход: Исправил. Попадали договорники у которых договор уже закончился. для задачи: Статистика кадров не правильные данные', 1, '', 0),
(211, 7, 1, '2011-10-01 00:00:00', 'Новая задача: найти фирмы которые делают автоматические проходные. узнать стоимость.', 1, '', 0),
(212, 7, 1, '2011-10-01 00:00:00', 'Статус изменен:не начата задача: Сделать детализацию по звонкам', 1, '', 0),
(213, 7, 1, '2011-10-01 00:00:00', 'Статус изменен:в процессе задача: Тестирование терминала A04-ts', 1, '', 0),
(214, 7, 1, '2011-10-01 00:00:00', 'Новая задача: узнать где купить глушилки сотового и не конфликтуют ли они с оборудованием станков', 1, '', 0),
(215, 1, 1, '2011-10-01 00:00:00', 'Ход: Выслала письмо Дмитрию, жду ответа для задачи: СРОЧНО!!! Штрихкоды для кики!', 1, '', 0),
(216, 1, 1, '2011-10-01 00:00:00', 'Ход: Сдать остаток суммы в кассу для задачи: Сдать авансовый отчет', 1, '', 0),
(217, 2, 1, '2011-10-01 00:00:00', 'Новая задача: Проверить счет у Кима на Ipad', 1, '', 0),
(218, 7, 1, '2011-10-01 00:00:00', 'Новая задача: поставить автокад Дацюку и Попову', 1, '', 0),
(219, 2, 1, '2011-10-01 00:00:00', 'Новая задача: Новое рабочее место в Снабжение', 1, '', 0),
(220, 7, 1, '2011-10-01 00:00:00', 'Ход: Позвонил в Инфо21. Сказали что делают, Но нужного человека нет на месте. Буду перезванивать. для задачи: найти фирмы которые делают автоматические проходные. узнать стоимость.', 1, '', 0),
(221, 7, 1, '2011-10-01 00:00:00', 'Ход: лицушного ни у кого нет. Буду искать ломаный и качать для задачи: поставить автокад Дацюку и Попову', 1, '', 0),
(222, 1, 1, '2011-10-01 00:00:00', 'Ход:  для задачи: Сдать авансовый отчет', 1, '', 0),
(223, 1, 1, '2011-10-01 00:00:00', 'Статус изменен:выполнена задача: Сдать авансовый отчет', 1, '', 0),
(224, 1, 1, '2011-10-01 00:00:00', 'Статус изменен:выполнена задача: Проверить счет у Кима на Ipad', 1, '', 0),
(225, 1, 5, '2011-10-01 00:00:00', 'Новая задача: Разобраться с оплатой телеков PCY', 1, '', 0),
(226, 1, 1, '2011-10-01 00:00:00', 'Новая задача: Подписать счет на струбцины', 1, '', 0),
(227, 1, 1, '2011-10-01 00:00:00', 'Ход: Передала заявку Веревке для задачи: Подписать счет на струбцины', 1, '', 0),
(228, 7, 1, '2011-10-01 00:00:00', 'Статус изменен:в процессе задача: найти фирмы которые делают автоматические проходные. узнать стоимость.', 1, '', 0),
(229, 7, 1, '2011-10-01 00:00:00', 'Статус изменен:в процессе задача: поставить автокад Дацюку и Попову', 1, '', 0),
(230, 7, 1, '2011-10-01 00:00:00', 'Ход: Саня нашёл у себя дистр Автокада. Автокад 2010. русский. портабельный.\r\nПоставил и Дацюку и Попову. У Дацюка проверил - работает. У Попова еще нет. для задачи: поставить автокад Дацюку и Попову', 1, '', 0),
(231, 7, 1, '2011-10-01 00:00:00', 'Новая задача: В типографии на плюсе на компе тормозит Корел Х5. Говорят Х3 не тормозил. Надо проверить что за комп, и что там тормозит.', 1, '', 0),
(232, 5, 1, '2011-10-01 00:00:00', 'Ход: готово...\r\n для задачи: Починить ТСД для Марьиванны', 1, '', 0),
(233, 5, 1, '2011-10-01 00:00:00', 'Ход:  для задачи: Починить ТСД для Марьиванны', 1, '', 0),
(234, 7, 1, '2011-10-01 00:00:00', 'Ход: Попробовал проблемный принтер HP 1020. Печатает нормально и с моего компа. И с терминала. Никаких левых окошек не вылазит. для задачи: Тестирование терминала A04-ts', 1, '', 0),
(235, 7, 1, '2011-10-01 00:00:00', 'Ход: Можно поставить на железяку, но надо чтобы Саня привёз ее с плюса. Один из компов что для Итальянцев покупали. для задачи: Тестирование терминала A04-ts', 1, '', 0),
(236, 5, 1, '2011-10-01 00:00:00', 'Ход:  для задачи: Починить ТСД для Марьиванны', 1, '', 0),
(237, 5, 1, '2011-10-01 00:00:00', 'Ход: .... для задачи: Починить ТСД для Марьиванны', 1, '', 0),
(238, 5, 1, '2011-10-01 00:00:00', 'Ход: \r\n для задачи: Починить ТСД для Марьиванны', 1, '', 0),
(239, 7, 1, '2011-10-01 00:00:00', 'Ход: ИНФО21. Могут сделать. 150к - без монтажа, 1 турникет, софт, карточки на 1000 чел. для задачи: найти фирмы которые делают автоматические проходные. узнать стоимость.', 1, '', 0),
(240, 7, 1, '2011-10-01 00:00:00', 'Ход: Не понятно с какой стороны взяться. Денис вроде начинал. Делал запросы, откудато ему должны были присылать овтет или даже прислали. Нужно дозвонитьс для задачи: Сделать детализацию по звонкам', 1, '', 0),
(241, 7, 1, '2011-10-01 00:00:00', 'Статус изменен:в процессе задача: Сделать детализацию по звонкам', 1, '', 0),
(242, 2, 1, '2011-10-01 00:00:00', 'Новая задача: ТСД. Инвентаризация.', 1, '', 0),
(243, 7, 1, '2011-10-01 00:00:00', 'Ход: http://www.parsec.ru - производители софта и контроллеров для задачи: найти фирмы которые делают автоматические проходные. узнать стоимость.', 1, '', 0),
(244, 1, 1, '2011-10-01 00:00:00', 'Новая задача: можно ли передать лицензии на мс сервер аффилированному лицу', 1, '', 0),
(245, 1, 1, '2011-10-01 00:00:00', 'Новая задача: найти альтернативного интернет-провайдера для переноса серверов', 1, '', 0),
(246, 2, 1, '2011-10-01 00:00:00', 'Новая задача: FTP: Архивы', 1, '', 0),
(247, 2, 1, '2011-10-01 00:00:00', 'Ход: Удаление старых бекапов, не работает. для задачи: FTP: Архивы', 1, '', 0),
(248, 2, 7, '2011-10-01 00:00:00', 'Новая задача: Сдать документы Сентябрь', 1, '', 0),
(249, 2, 1, '2011-10-01 00:00:00', 'Новая задача: Сдать документы Сентябрь', 1, '', 0),
(250, 2, 7, '2011-10-01 00:00:00', 'Ход: 139 Мельникова Оксана, необходимо узнать оприходывали ли уже по этому документу Материал. Если нет оприходывать. для задачи: Сдать документы Сентябрь', 1, '', 0),
(251, 2, 1, '2011-10-01 00:00:00', 'Ход: 139 Мельникова Оксана, необходимо узнать оприходывали ли уже по этому документу Материал. Если нет оприходывать. для задачи: Сдать документы Сентябрь', 1, '', 0),
(252, 7, 1, '2011-10-01 00:00:00', 'Ход: Всё поставили. Работает. для задачи: поставить автокад Дацюку и Попову', 1, '', 0),
(253, 2, 1, '2011-10-01 00:00:00', 'Ход: Тест для задачи: Статистика кадров не правильные данные', 1, '', 0),
(254, 7, 1, '2011-10-01 00:00:00', 'Ход: По счету 550 - все проведено. Бумажечку отложу куда-нибудь. для задачи: Сдать документы Сентябрь', 1, '', 0),
(255, 7, 1, '2011-10-01 00:00:00', 'Ход: Дальше.. бухгалтерию интересуют счета за сентябрь за Связь - телефон и интернет. Может и еще что-то, но они и сами не помнят. Нужно узнать, что в этом отношении предпринимал Денис. Куда звонил, что спрашивал. Пока непонятно с какого конца браться за это дело. Есть у меня один телефон Ростелекома (он же ЮТК). Попроубю там что-нибудь узнать. для задачи: Сдать документы Сентябрь', 1, '', 0),
(256, 7, 1, '2011-10-01 00:00:00', 'Статус изменен:в процессе задача: Сдать документы Сентябрь', 1, '', 0),
(257, 7, 1, '2011-10-01 00:00:00', 'Ход: Чтобы дальше что-то двигалось нужно узнать сколько чего будет: сколько турникетов, контроль в прохода в одну сторону или в обе. Нужно ли к этому комплексу подключать видеоидентификацию, и так далее. Потом нам уже посчитают нужное оборудование, и выставят счет. для задачи: найти фирмы которые делают автоматические проходные. узнать стоимость.', 1, '', 0),
(258, 1, 1, '2011-10-01 00:00:00', 'Новая задача: Права Евгении Ебург', 1, '', 0),
(259, 7, 1, '2011-10-01 00:00:00', 'Новая задача: разобраться со счетами на телеки ЗСН. ', 1, '', 0),
(260, 1, 1, '2011-10-01 00:00:00', 'Новая задача: Рейка настил на алфавит', 1, '', 0),
(261, 7, 1, '2011-10-01 00:00:00', 'Ход: позвонил. по двум счетам из трёх всё ок. По третьему фирма Кампэй ошиблась и не туда перевела деньги. Сегодня с 16 до 18 обещали исправить для задачи: разобраться со счетами на телеки ЗСН. ', 1, '', 0),
(262, 1, 1, '2011-10-01 00:00:00', 'Новая задача: Устнановить автоматическую скидку на Бейсики', 1, '', 0),
(263, 1, 1, '2011-10-01 00:00:00', 'Статус изменен:выполнена задача: Рейка настил на алфавит', 1, '', 0),
(264, 2, 1, '2011-10-01 00:00:00', 'Ход: Сделал. Отметь выполненной. для задачи: Статистика кадров не правильные данные', 1, '', 0),
(265, 5, 1, '2011-10-01 00:00:00', 'Ход: необходимо прокинуть кабель от супервайзера до принтера\r\n для задачи: Сеть Биесса Плюс', 1, '', 0),
(266, 1, 1, '2011-10-01 00:00:00', 'Новая задача: записать молодкину диск и передать олесе', 1, '', 0),
(267, 7, 1, '2011-10-01 00:00:00', 'Новая задача: дефектная ведомость на кабель витуху до конца недели сделать.', 1, '', 0),
(268, 1, 1, '2011-10-01 00:00:00', 'Новая задача: Увеличить длину поля в терминале до 110', 1, '', 0),
(269, 1, 1, '2011-10-01 00:00:00', 'Ход: Добавить стеклодверь в ассоль шкаф 400 для задачи: Увеличить длину поля в терминале до 110', 1, '', 0),
(270, 2, 1, '2011-10-01 00:00:00', 'Новая задача: Отпуска без содержания. Исправить отчет.', 1, '', 0),
(271, 2, 1, '2011-10-01 00:00:00', 'Ход: Исправил, тестирую для задачи: FTP: Архивы', 1, '', 0),
(272, 1, 1, '2011-10-01 00:00:00', 'Новая задача: помочь тинычу с черным списком', 1, '', 0),
(273, 7, 1, '2011-10-01 00:00:00', 'Задача: В типографии на плюсе на компе тормозит Корел Х5. Говорят Х3 не тормозил. Надо проверить что за комп, и что там тормозит.                                                  Исполнитель: Пащенко Александр                              Новый ход: Заходил, смотрел. Ничо с виду не тормозит. От слова вообще. Иличев в командировке до конца недели - поэтому спросить у него, что конкретно не так невозможно.', 1, '', 0),
(274, 7, 1, '2011-10-01 00:00:00', 'Статус изменен:в процессе задача: В типографии на плюсе на компе тормозит Корел Х5. Говорят Х3 не тормозил. Надо проверить что за комп, и что там тормозит.', 1, '', 0),
(275, 2, 1, '2011-10-01 00:00:00', 'Задача: Подписать зарплаты                                 Исполнитель: Рябинина Татьяна                               Новый ход: Последний день', 1, '', 0),
(276, 2, 1, '2011-10-01 00:00:00', 'Задача: Подписать зарплаты                                 Исполнитель: Рябинина Татьяна                               Новый ход: Последний день', 1, '', 0),
(277, 7, 1, '2011-10-01 00:00:00', 'Новая задача: в цимлянске нужно обновить ключ Банк-Клиента СберБанка до понедельника.                                  Исполнитель: Пащенко Александр', 1, '', 0),
(278, 7, 1, '2011-10-01 00:00:00', 'Новая задача: Заказать как минимум 2 бесперебойника и 3 аккума. В 5й цех на плюсе 2 шт, и у нас экономисту 1шт, и в маркетинг 2шт.                                                 Исполнитель: Пащенко Александр', 1, '', 0),
(279, 2, 1, '2011-10-06 15:15:43', 'Статус изменен:в процессе задача: Отпуска без содержания. Исправить отчет.', 1, '', 0),
(280, 2, 1, '2011-10-06 15:15:58', 'Задача: Отпуска без содержания. Исправить отчет.           Исполнитель: Иванов Антон                                   Новый ход: Исправил. Тест', 1, '', 0),
(281, 2, 3, '2011-10-06 15:20:34', 'Новая задача: Настроить обмен с Foratex                    Исполнитель: Омельчук Сергей', 1, '', 0),
(282, 2, 1, '2011-10-06 15:20:34', 'Новая задача: Настроить обмен с Foratex                    Исполнитель: Омельчук Сергей', 1, '', 0),
(283, 3, 1, '2011-10-06 15:21:25', 'Задача: Настроить обмен с Foratex                          Исполнитель: Омельчук Сергей                                Новый ход: нахер надо', 1, '', 0),
(284, 2, 1, '2011-10-06 15:23:52', 'Статус изменен:в процессе задача: ТСД. Инвентаризация.', 1, '', 0),
(285, 2, 1, '2011-10-06 15:24:12', 'Задача: ТСД. Инвентаризация.                               Исполнитель: Иванов Антон                                   Новый ход: Сделал, Тест', 1, '', 0),
(286, 2, 1, '2011-10-06 15:24:40', 'Задача: Бета тестирование задач.                           Исполнитель: Иванов Антон                                   Новый ход: Перевел программу на работу с MySQL. Тест', 1, '', 0),
(287, 2, 1, '2011-10-06 15:24:57', 'Задача: Обновить базу до 1.17                              Исполнитель: Иванов Антон                                   Новый ход: Жду когда выйдет обновление.', 1, '', 0),
(288, 2, 3, '2011-10-06 15:29:48', 'Новая задача: Загрузить алмазПакеты в Регионы, особенно в Перьм.                                                       Исполнитель: Омельчук Сергей', 1, '', 0),
(289, 2, 1, '2011-10-06 15:29:48', 'Новая задача: Загрузить алмазПакеты в Регионы, особенно в Перьм.                                                       Исполнитель: Омельчук Сергей', 1, '', 0),
(290, 2, 4, '2011-10-06 15:45:11', 'Задача: Возврат поставщику_, Реализация_, Перемещение_, добавить закладку ТТН                                          Исполнитель: Кучеренко Александр                            Новый ход: Проверка связи', 1, '', 0),
(291, 2, 1, '2011-10-06 15:45:11', 'Задача: Возврат поставщику_, Реализация_, Перемещение_, добавить закладку ТТН                                          Исполнитель: Кучеренко Александр                            Новый ход: Проверка связи', 1, '', 0),
(292, 2, 4, '2011-10-06 15:45:40', 'Задача: Возврат поставщику_, Реализация_, Перемещение_, добавить закладку ТТН                                          Исполнитель: Кучеренко Александр                            Новый ход: Тест 2', 1, '', 0),
(293, 2, 1, '2011-10-06 15:45:40', 'Задача: Возврат поставщику_, Реализация_, Перемещение_, добавить закладку ТТН                                          Исполнитель: Кучеренко Александр                            Новый ход: Тест 2', 1, '', 0),
(294, 2, 1, '2011-10-07 08:28:34', 'Новая задача: Отчет перемещение товаров в ценах номенклатуры. Неверный начальный остаток с группировкой по РегистраторуИсполнитель: Иванов Антон', 1, '', 0),
(295, 2, 1, '2011-10-07 08:28:39', 'Статус изменен:в процессе задача: Отчет перемещение товаров в ценах номенклатуры. Неверный начальный остаток с группировкой по Регистратору', 1, '', 0),
(296, 3, 1, '2011-10-07 10:57:20', 'Изменена задача: Загрузить алмазПакеты в Регионы, особенно в Перьм.\nP.S. > в Пермь загрузил', 1, '', 0),
(297, 7, 1, '2011-10-07 11:01:21', 'Задача: Сдать документы Сентябрь                           Исполнитель: Пащенко Александр                              Новый ход: Большую часть счетов получить удалось по факсу у Волгодонского филиала. Это тел 220482 и 277738 (факс). А счет за МГМН дали только по 8-863-244-21-21 (Анжела), наш персональный менеджер. Вернее обещали только что вышлют на мыло.', 1, '', 0),
(298, 7, 1, '2011-10-07 11:02:00', 'Задача: разобраться со счетами на телеки ЗСН.              Исполнитель: Пащенко Александр                              Новый ход: Сегодня наконец то пополнили счет. Дожно все работать', 1, '', 0),
(299, 7, 1, '2011-10-07 11:02:14', 'Задача: дефектная ведомость на кабель витуху до конца недели сделать.                                                  Исполнитель: Пащенко Александр                              Новый ход: Выяснил где брать. И как заполнять. Буду щас делать.', 1, '', 0),
(300, 7, 1, '2011-10-07 11:02:32', 'Задача: в цимлянске нужно обновить ключ Банк-Клиента СберБанка до понедельника.                                        Исполнитель: Пащенко Александр                              Новый ход: Съездил, обновил.', 1, '', 0),
(301, 7, 1, '2011-10-07 11:14:59', 'Статус изменен:в процессе задача: в цимлянске нужно обновить ключ Банк-Клиента СберБанка до понедельника.', 1, '', 0),
(302, 5, 1, '2011-10-07 11:30:26', 'Новая задача: Разобраться с настройкой mysql на a07-gw     Исполнитель: Лахнов Александр', 1, '', 0),
(303, 5, 1, '2011-10-07 11:31:40', 'Новая задача: Заказать лотки, стяжки                       Исполнитель: Лахнов Александр', 1, '', 0),
(304, 5, 1, '2011-10-07 11:32:45', 'Новая задача: Тестирование медиаконвертера ( после выключения света отказался работать)                                Исполнитель: Лахнов Александр', 1, '', 0),
(305, 5, 1, '2011-10-07 11:33:03', 'Задача: Починить ТСД для Марьиванны                        Исполнитель: Лахнов Александр                               Новый ход: Готово', 1, '', 0),
(306, 5, 1, '2011-10-07 11:33:37', 'Задача: Разобраться с оплатой телеков PCY                  Исполнитель: Лахнов Александр                               Новый ход: Ждем когда запустится последний тв', 1, '', 0),
(307, 2, 1, '2011-10-07 13:20:07', 'Задача: Отчет перемещение товаров в ценах номенклатуры. Неверный начальный остаток с группировкой по Регистратору      Исполнитель: Иванов Антон                                   Новый ход: Сделал. Тест', 1, '', 0),
(308, 2, 1, '2011-10-07 14:01:23', 'Новая задача: Сбыт.ПланПроизводство заполнять только месячными заявками.                                               Исполнитель: Иванов Антон', 1, '', 0),
(309, 2, 1, '2011-10-07 14:07:06', 'Задача: Сбыт.ПланПроизводство заполнять только месячными заявками.                                                     Исполнитель: Иванов Антон                                   Новый ход: Сделал. ТЕст', 1, '', 0),
(310, 2, 1, '2011-10-07 14:27:48', 'Задача: Закрыть Август.                                    Исполнитель: Иванов Антон                                   Новый ход: Предварительно закрыт.', 1, '', 0),
(311, 7, 1, '2011-10-07 17:04:13', 'Задача: Сдать документы Сентябрь                           Исполнитель: Пащенко Александр                              Новый ход: сдал с горем пополам', 1, '', 0),
(312, 7, 1, '2011-10-07 17:04:54', 'Задача: Сделать детализацию по звонкам                     Исполнитель: Пащенко Александр                              Новый ход: Со счетом от Ростелекома пришла и детализация.', 1, '', 0),
(313, 2, 1, '2011-10-07 20:10:16', 'Задача: Отпуска без содержания. Исправить отчет.           Исполнитель: Иванов Антон                                   Новый ход: требуется доработка', 1, '', 0),
(314, 5, 1, '2011-10-10 07:37:10', 'Новая задача: Замутить автомотическое создание бэкапов мускула на a07-gw                                               Исполнитель: Лахнов Александр', 1, '', 0),
(315, 5, 1, '2011-10-10 07:38:02', 'Новая задача: Подключить к ноуту oai-08 атс максикомом по usb-com                                                      Исполнитель: Лахнов Александр', 1, '', 0),
(316, 5, 1, '2011-10-10 07:43:18', 'Новая задача: Подготовить старый файловый сервер a6-fs к переустановки                                                 Исполнитель: Лахнов Александр', 1, '', 0),
(317, 5, 1, '2011-10-10 07:44:34', 'Новая задача: Перевезти ИБП (1500 Вт) из старой серверной в новую, и подключить на него сетевое оборудование           Исполнитель: Лахнов Александр', 1, '', 0),
(318, 2, 1, '2011-10-10 08:50:03', 'Задача: Обновить базу до 1.17                              Исполнитель: Иванов Антон                                   Новый ход: Обновление вышло, буду обновлять.', 1, '', 0),
(319, 2, 1, '2011-10-10 08:50:06', 'Статус изменен:в процессе задача: Обновить базу до 1.17', 1, '', 0),
(320, 2, 1, '2011-10-10 08:51:39', 'Новая задача: Закрыть Сентябрь                             Исполнитель: Иванов Антон', 1, '', 0),
(321, 1, 1, '2011-10-10 08:54:21', 'Статус изменен:выполнена задача: Подписать зарплаты', 1, '', 0),
(322, 1, 1, '2011-10-10 09:05:44', 'Статус изменен:выполнена задача: СРОЧНО!!! Отпроситься на четверг-пятницу', 1, '', 0),
(323, 1, 5, '2011-10-10 09:08:08', 'Статус изменен:выполнена задача: Починить ТСД для Марьиванны', 1, '', 0),
(324, 1, 2, '2011-10-10 09:09:50', 'Статус изменен:выполнена задача: Статистика кадров не правильные данные', 1, '', 0),
(325, 1, 7, '2011-10-10 09:11:17', 'Статус изменен:выполнена задача: поставить автокад Дацюку и Попову', 1, '', 0),
(326, 1, 1, '2011-10-10 09:11:43', 'Статус изменен:в процессе задача: Новое рабочее место в Снабжение', 1, '', 0),
(327, 1, 5, '2011-10-10 09:12:14', 'Задача: Разобраться с оплатой телеков PCY                  Исполнитель: Лахнов Александр                               Новый ход: передать документы ЗОВ', 1, '', 0),
(328, 1, 2, '2011-10-10 09:31:32', 'Статус изменен:выполнена задача: Сбыт.ПланПроизводство заполнять только месячными заявками.', 1, '', 0),
(329, 1, 7, '2011-10-10 09:42:41', 'Задача: найти фирмы которые делают автоматические проходные. узнать стоимость.                                         Исполнитель: Пащенко Александр                              Новый ход: проверь фирму Легос Юг, в июне они нам готовили счет на 150 тыщ с установкой, вроде дешевле получается', 1, '', 0),
(330, 1, 7, '2011-10-10 09:42:54', 'Статус изменен:отменена задача: узнать где купить глушилки сотового и не конфликтуют ли они с оборудованием станков', 1, '', 0),
(331, 1, 2, '2011-10-10 09:43:42', 'Статус изменен:выполнена задача: ТСД. Инвентаризация.', 1, '', 0),
(332, 1, 2, '2011-10-10 09:46:38', 'Статус изменен:выполнена задача: FTP: Архивы', 1, '', 0),
(333, 2, 1, '2011-10-10 09:48:57', 'Изменена задача: Tasks. Пожелания', 1, '', 0),
(334, 1, 7, '2011-10-10 09:49:42', 'Статус изменен:выполнена задача: разобраться со счетами на телеки ЗСН.', 1, '', 0),
(335, 1, 7, '2011-10-10 09:50:44', 'Статус изменен:выполнена задача: В типографии на плюсе на компе тормозит Корел Х5. Говорят Х3 не тормозил. Надо проверить что за комп, и что там тормозит.', 1, '', 0),
(336, 1, 5, '2011-10-10 09:51:03', 'Изменена задача: Разобраться с оплатой телеков ЗСН', 1, '', 0),
(337, 1, 1, '2011-10-10 09:52:03', 'Статус изменен:отменена задача: помочь тинычу с черным списком', 1, '', 0),
(338, 7, 1, '2011-10-10 09:52:52', 'Задача: дефектная ведомость на кабель витуху до конца недели сделать. передана другому', 1, '', 0),
(339, 7, 6, '2011-10-10 09:52:52', 'Новая задача: дефектная ведомость на кабель витуху до конца недели сделать.', 1, '', 0),
(340, 1, 7, '2011-10-10 09:53:26', 'Статус изменен:выполнена задача: в цимлянске нужно обновить ключ Банк-Клиента СберБанка до понедельника.', 1, '', 0),
(341, 1, 2, '2011-10-10 09:55:38', 'Статус изменен:выполнена задача: Отчет перемещение товаров в ценах номенклатуры. Неверный начальный остаток с группировкой по Регистратору', 1, '', 0),
(342, 1, 3, '2011-10-10 10:06:06', 'Новая задача: Размножение возвратов от регионалов          Исполнитель: Омельчук Сергей', 0, '', 0),
(343, 1, 2, '2011-10-10 10:23:57', 'Задача: Tasks. Пожелания                                   Исполнитель: Иванов Антон                                   Новый ход: поделать что-то с фокусом', 1, '', 0),
(344, 1, 1, '2011-10-10 10:28:54', 'Задача: СРОЧНО!!! Штрихкоды для кики!                      Исполнитель: Рябинина Татьяна                               Новый ход: написала снова Дмитрию и Ренату, жду ответа', 1, '', 0),
(345, 1, 7, '2011-10-10 10:37:45', 'Ваша задача: Сделать детализацию по звонкам передана другому', 1, '', 0),
(346, 1, 6, '2011-10-10 10:37:45', 'Новая задача: Сделать детализацию по звонкам', 1, '', 0),
(347, 1, 7, '2011-10-10 10:38:03', 'Ваша задача: Заказать как минимум 2 бесперебойника и 3 аккума. В 5й цех на плюсе 2 шт, и у нас экономисту 1шт, и в маркетинг 2шт. передана другому', 1, '', 0),
(348, 1, 6, '2011-10-10 10:38:03', 'Новая задача: Заказать как минимум 2 бесперебойника и 3 аккума. В 5й цех на плюсе 2 шт, и у нас экономисту 1шт, и в маркетинг 2шт.', 1, '', 0),
(349, 1, 7, '2011-10-10 10:38:39', 'Статус изменен:выполнена задача: Сдать документы Сентябрь', 1, '', 0),
(350, 1, 6, '2011-10-10 10:39:47', 'Задача: Сделать детализацию по звонкам                     Исполнитель: Чубукин Денис                                  Новый ход: надо разобрать по каким направлениям звоним: сколько на межгород,межнарод, сколько на сотовые, сколько местные', 1, '', 0),
(351, 1, 1, '2011-10-10 10:41:48', 'Задача: Права Евгении Ебург                                Исполнитель: Рябинина Татьяна                               Новый ход: спросить у сереги сделано или нет', 1, '', 0),
(352, 1, 1, '2011-10-10 12:46:11', 'Задача: СРОЧНО!!! Штрихкоды для кики!                      Исполнитель: Рябинина Татьяна                               Новый ход: Дима отписался, по нашим кодам все ок, переговоры приостановлены', 1, '', 0),
(353, 1, 1, '2011-10-10 12:46:32', 'Статус изменен:выполнена задача: СРОЧНО!!! Штрихкоды для кики!', 1, '', 0),
(354, 1, 1, '2011-10-10 12:46:57', 'Статус изменен:выполнена задача: Права Евгении Ебург', 1, '', 0),
(355, 1, 1, '2011-10-10 12:47:30', 'Статус изменен:выполнена задача: Подписать счет на струбцины', 1, '', 0),
(356, 1, 1, '2011-10-10 12:58:22', 'Задача: Настроить ТСД                                      Исполнитель: Рябинина Татьяна                               Новый ход: заказать второй ТСД, проверить com порт, попробовать прокинуть usb без сторонней программы', 1, '', 0),
(357, 1, 1, '2011-10-10 13:08:33', 'Новая задача: написать письмо про t-log                    Исполнитель: Рябинина Татьяна', 1, '', 0),
(358, 5, 1, '2011-10-10 13:17:24', 'Новая задача: Перевод файлового сервера на ос linux        Исполнитель: Лахнов Александр', 1, '', 0),
(359, 5, 1, '2011-10-10 13:18:19', 'Задача: Перевод файлового сервера на ос linux              Исполнитель: Лахнов Александр                               Новый ход: Режим теста (переведены шары folders_archiv и folders_obmen)', 1, '', 0),
(360, 5, 1, '2011-10-10 13:21:57', 'Новая задача: Настройка сервера бэкапов                    Исполнитель: Лахнов Александр', 1, '', 0),
(361, 2, 1, '2011-10-10 13:34:27', 'Задача: Tasks. Пожелания                                   Исполнитель: Иванов Антон                                   Новый ход: Сделал фокус, проверяй.', 1, '', 0);

-- --------------------------------------------------------

--
-- Структура таблицы `Tasks`
--

CREATE TABLE IF NOT EXISTS `Tasks` (
  `id_Task` int(10) NOT NULL AUTO_INCREMENT,
  `Name` text,
  `id_worker` int(3) DEFAULT NULL,
  `id_chief` int(3) DEFAULT NULL,
  `date` datetime DEFAULT NULL,
  `status` text,
  PRIMARY KEY (`id_Task`)
) ENGINE=MyISAM  DEFAULT CHARSET=utf8 AUTO_INCREMENT=153 ;

--
-- Дамп данных таблицы `Tasks`
--

INSERT INTO `Tasks` (`id_Task`, `Name`, `id_worker`, `id_chief`, `date`, `status`) VALUES
(83, 'Настроить ТСД', 1, 1, '2011-10-01 00:00:00', 'в процессе'),
(84, 'Рассказать ЗСН про лицензии и сервера, выпросить стопицот денег', 1, 1, '2011-10-01 00:00:00', 'в процессе'),
(85, 'Написать инструкцию по Gemo и Desmos ', 1, 1, '2011-10-01 00:00:00', 'не начата'),
(86, 'Обновить базу до 1.17', 2, 1, '2011-10-01 00:00:00', 'в процессе'),
(87, 'Закрыть Август.', 2, 1, '2011-10-01 00:00:00', 'в процессе'),
(88, 'Пакетная печать документов, не Групповой обработкой', 2, 1, '2011-10-01 00:00:00', 'не начата'),
(89, 'Разобраться с однокласниками и торентами в Москве', 5, 1, '2011-10-01 00:00:00', 'в процессе'),
(90, 'Запретить usb на станках', 5, 1, '2011-10-01 00:00:00', 'не начата'),
(91, 'СРОЧНО!!! Штрихкоды для кики!', 1, 1, '2011-10-01 00:00:00', 'выполнена'),
(92, 'Командировка с Самару', 1, 1, '2011-10-01 00:00:00', 'не начата'),
(93, 'Командировка в Москву, переделать инет, разобрать сервер', 1, 1, '2011-10-01 00:00:00', 'не начата'),
(94, 'Командировка в Тверь, разобрать сервер', 1, 1, '2011-10-01 00:00:00', 'не начата'),
(95, 'Сделать детализацию по звонкам', 6, 1, '2011-10-01 00:00:00', 'в процессе'),
(96, 'Сдать авансовый отчет', 1, 1, '2011-10-01 00:00:00', 'выполнена'),
(97, 'Продемонстрировать работу Гемо-Десмос-Оптипланинг людям', 1, 1, '2011-10-01 00:00:00', 'не начата'),
(98, 'Сеть Биесса Плюс', 5, 1, '2011-10-01 00:00:00', 'в процессе'),
(99, 'Видеонаблюдение Плюс', 5, 1, '2011-10-01 00:00:00', 'в процессе'),
(100, 'Телефоны Плюс', 5, 1, '2011-10-01 00:00:00', 'в процессе'),
(101, 'Подписать зарплаты', 1, 1, '2011-10-01 00:00:00', 'выполнена'),
(102, 'Разобраться с печатью этикеток из Gemo ', 1, 1, '2011-10-01 00:00:00', 'не начата'),
(103, 'автоматическая установка даты запрета редактирования для Операторов производства', 2, 1, '2011-10-01 00:00:00', 'в процессе'),
(104, 'Tasks. Пожелания', 2, 1, '2011-10-01 00:00:00', 'в процессе'),
(105, 'Переделать Поступление для ввода данных по ТТН в (Москве)\r\n', 4, 1, '2011-10-01 00:00:00', 'выполнена'),
(106, 'Возврат поставщику_, Реализация_, Перемещение_, добавить закладку ТТН', 4, 1, '2011-10-01 00:00:00', 'в процессе'),
(107, 'Тестирование терминала A04-ts', 7, 1, '2011-10-01 00:00:00', 'в процессе'),
(108, 'СРОЧНО!!! Отпроситься на четверг-пятницу', 1, 1, '2011-10-01 00:00:00', 'выполнена'),
(109, 'Перенос сети и телефона в участке упаковки', 5, 1, '2011-10-01 00:00:00', 'не начата'),
(110, 'Начать бекапить базы итальянцев', 1, 1, '2011-10-01 00:00:00', 'не начата'),
(111, 'Починить ТСД для Марьиванны', 5, 1, '2011-10-01 00:00:00', 'выполнена'),
(112, 'Статистика кадров не правильные данные', 2, 1, '2011-10-01 00:00:00', 'выполнена'),
(113, 'найти фирмы которые делают автоматические проходные. узнать стоимость.', 7, 1, '2011-10-01 00:00:00', 'в процессе'),
(114, 'узнать где купить глушилки сотового и не конфликтуют ли они с оборудованием станков', 7, 1, '2011-10-01 00:00:00', 'отменена'),
(115, 'Проверить счет у Кима на Ipad', 1, 1, '2011-10-01 00:00:00', 'выполнена'),
(116, 'поставить автокад Дацюку и Попову', 7, 1, '2011-10-01 00:00:00', 'выполнена'),
(117, 'Новое рабочее место в Снабжение', 1, 1, '2011-10-01 00:00:00', 'в процессе'),
(118, 'Разобраться с оплатой телеков ЗСН', 5, 1, '2011-10-01 00:00:00', 'в процессе'),
(119, 'Подписать счет на струбцины', 1, 1, '2011-10-01 00:00:00', 'выполнена'),
(120, 'В типографии на плюсе на компе тормозит Корел Х5. Говорят Х3 не тормозил. Надо проверить что за комп, и что там тормозит.', 7, 1, '2011-10-01 00:00:00', 'выполнена'),
(121, 'ТСД. Инвентаризация.', 2, 1, '2011-10-01 00:00:00', 'выполнена'),
(122, 'можно ли передать лицензии на мс сервер аффилированному лицу', 1, 1, '2011-10-01 00:00:00', 'не начата'),
(123, 'найти альтернативного интернет-провайдера для переноса серверов', 1, 1, '2011-10-01 00:00:00', 'не начата'),
(124, 'FTP: Архивы', 2, 1, '2011-10-01 00:00:00', 'выполнена'),
(125, 'Сдать документы Сентябрь', 7, 1, '2011-10-01 00:00:00', 'выполнена'),
(126, 'Права Евгении Ебург', 1, 1, '2011-10-01 00:00:00', 'выполнена'),
(127, 'разобраться со счетами на телеки ЗСН.', 7, 1, '2011-10-01 00:00:00', 'выполнена'),
(128, 'Рейка настил на алфавит', 1, 1, '2011-10-01 00:00:00', 'выполнена'),
(129, 'Устнановить автоматическую скидку на Бейсики', 1, 1, '2011-10-01 00:00:00', 'выполнена'),
(130, 'записать молодкину диск и передать олесе', 1, 1, '2011-10-01 00:00:00', 'не начата'),
(131, 'дефектная ведомость на кабель витуху до конца недели сделать.', 6, 1, '2011-10-01 00:00:00', 'не начата'),
(132, 'Увеличить длину поля в терминале до 110', 1, 1, '2011-10-01 00:00:00', 'не начата'),
(133, 'Отпуска без содержания. Исправить отчет.', 2, 1, '2011-10-01 00:00:00', 'в процессе'),
(134, 'помочь тинычу с черным списком', 1, 1, '2011-10-01 00:00:00', 'отменена'),
(135, 'в цимлянске нужно обновить ключ Банк-Клиента СберБанка до понедельника.', 7, 1, '2011-10-01 00:00:00', 'выполнена'),
(136, 'Заказать как минимум 2 бесперебойника и 3 аккума. В 5й цех на плюсе 2 шт, и у нас экономисту 1шт, и в маркетинг 2шт.', 6, 1, '2011-10-01 00:00:00', 'не начата'),
(137, 'Настроить обмен с Foratex', 3, 1, '2011-10-06 15:20:34', 'не начата'),
(138, 'Загрузить алмазПакеты в Регионы, особенно в Перьм.\nP.S. > в Пермь загрузил', 3, 1, '2011-10-06 15:29:48', 'не начата'),
(139, 'Отчет перемещение товаров в ценах номенклатуры. Неверный начальный остаток с группировкой по Регистратору', 2, 1, '2011-10-07 08:28:34', 'выполнена'),
(149, 'Размножение возвратов от регионалов', 3, 1, '2011-10-10 10:06:06', 'не начата'),
(140, 'Разобраться с настройкой mysql на a07-gw', 5, 1, '2011-10-07 11:30:26', 'не начата'),
(141, 'Заказать лотки, стяжки', 5, 1, '2011-10-07 11:31:40', 'не начата'),
(142, 'Тестирование медиаконвертера ( после выключения света отказался работать)', 5, 1, '2011-10-07 11:32:45', 'не начата'),
(143, 'Сбыт.ПланПроизводство заполнять только месячными заявками.', 2, 1, '2011-10-07 14:01:23', 'выполнена'),
(144, 'Замутить автомотическое создание бэкапов мускула на a07-gw', 5, 1, '2011-10-10 07:37:10', 'не начата'),
(145, 'Подключить к ноуту oai-08 атс максикомом по usb-com', 5, 1, '2011-10-10 07:38:02', 'не начата'),
(146, 'Подготовить старый файловый сервер a6-fs к переустановки', 5, 1, '2011-10-10 07:43:18', 'не начата'),
(147, 'Перевезти ИБП (1500 Вт) из старой серверной в новую, и подключить на него сетевое оборудование', 5, 1, '2011-10-10 07:44:34', 'не начата'),
(148, 'Закрыть Сентябрь', 2, 1, '2011-10-10 08:51:39', 'в процессе'),
(150, 'написать письмо про t-log', 1, 1, '2011-10-10 13:08:33', 'не начата'),
(151, 'Перевод файлового сервера на ос linux', 5, 1, '2011-10-10 13:17:24', 'в процессе'),
(152, 'Настройка сервера бэкапов', 5, 1, '2011-10-10 13:21:57', 'не начата');

-- --------------------------------------------------------

--
-- Структура таблицы `WorkCourse`
--

CREATE TABLE IF NOT EXISTS `WorkCourse` (
  `id_WorkCourse` int(10) NOT NULL AUTO_INCREMENT,
  `id_Task` int(10) DEFAULT NULL,
  `LineNumber` int(10) DEFAULT NULL,
  `Date` datetime DEFAULT NULL,
  `Description` text,
  `id_Worker` int(3) DEFAULT NULL,
  PRIMARY KEY (`id_WorkCourse`)
) ENGINE=MyISAM  DEFAULT CHARSET=utf8 AUTO_INCREMENT=241 ;

--
-- Дамп данных таблицы `WorkCourse`
--

INSERT INTO `WorkCourse` (`id_WorkCourse`, `id_Task`, `LineNumber`, `Date`, `Description`, `id_Worker`) VALUES
(171, 89, 1, '2011-10-01 00:00:00', 'Там сложная задача', 2),
(172, 101, 1, '2011-10-01 00:00:00', 'Сентябрь?', 2),
(173, 91, 1, '2011-10-01 00:00:00', 'Позвонить Федору 9037723696', 1),
(174, 107, 1, '2011-10-01 00:00:00', 'а что тестировать? :)', 7),
(175, 106, 1, '2011-10-01 00:00:00', 'Для реализации уже реализовано', 4),
(176, 107, 2, '2011-10-01 00:00:00', 'надо на железяку поставить', 2),
(177, 98, 1, '2011-10-01 00:00:00', 'Все кабеля раскинуты, осталось определится с оконечкой', 5),
(178, 99, 1, '2011-10-01 00:00:00', 'Стадия заключения договора с Голден Ай', 5),
(179, 112, 1, '2011-10-01 00:00:00', 'Исправил. Попадали договорники у которых договор уже закончился.', 2),
(180, 91, 2, '2011-10-01 00:00:00', 'Выслала письмо Дмитрию, жду ответа', 1),
(181, 96, 1, '2011-10-01 00:00:00', 'Сдать остаток суммы в кассу', 1),
(182, 113, 1, '2011-10-01 00:00:00', 'Позвонил в Инфо21. Сказали что делают, Но нужного человека нет на месте. Буду перезванивать.', 7),
(183, 116, 1, '2011-10-01 00:00:00', 'лицушного ни у кого нет. Буду искать ломаный и качать', 7),
(184, 96, 2, '2011-10-01 00:00:00', '', 1),
(185, 119, 1, '2011-10-01 00:00:00', 'Передала заявку Веревке', 1),
(186, 116, 2, '2011-10-01 00:00:00', 'Саня нашёл у себя дистр Автокада. Автокад 2010. русский. портабельный.\r\nПоставил и Дацюку и Попову. У Дацюка проверил - работает. У Попова еще нет.', 7),
(187, 111, 1, '2011-10-01 00:00:00', 'готово...\r\n', 5),
(188, 111, 2, '2011-10-01 00:00:00', '', 5),
(189, 107, 3, '2011-10-01 00:00:00', 'Попробовал проблемный принтер HP 1020. Печатает нормально и с моего компа. И с терминала. Никаких левых окошек не вылазит.', 7),
(190, 107, 4, '2011-10-01 00:00:00', 'Можно поставить на железяку, но надо чтобы Саня привёз ее с плюса. Один из компов что для Итальянцев покупали.', 7),
(191, 111, 3, '2011-10-01 00:00:00', '', 5),
(192, 111, 4, '2011-10-01 00:00:00', '....', 5),
(193, 111, 5, '2011-10-01 00:00:00', '\r\n', 5),
(194, 113, 2, '2011-10-01 00:00:00', 'ИНФО21. Могут сделать. 150к - без монтажа, 1 турникет, софт, карточки на 1000 чел.', 7),
(195, 95, 1, '2011-10-01 00:00:00', 'Не понятно с какой стороны взяться. Денис вроде начинал. Делал запросы, откудато ему должны были присылать овтет или даже прислали. Нужно дозвонитьс', 7),
(196, 113, 3, '2011-10-01 00:00:00', 'http://www.parsec.ru - производители софта и контроллеров', 7),
(197, 124, 1, '2011-10-01 00:00:00', 'Удаление старых бекапов, не работает.', 2),
(198, 125, 1, '2011-10-01 00:00:00', '139 Мельникова Оксана, необходимо узнать оприходывали ли уже по этому документу Материал. Если нет оприходывать.', 2),
(199, 116, 7, '2011-10-01 00:00:00', 'Всё поставили. Работает.', 7),
(200, 112, 2, '2011-10-01 00:00:00', 'Тест', 2),
(201, 125, 2, '2011-10-01 00:00:00', 'По счету 550 - все проведено. Бумажечку отложу куда-нибудь.', 7),
(202, 125, 3, '2011-10-01 00:00:00', 'Дальше.. бухгалтерию интересуют счета за сентябрь за Связь - телефон и интернет. Может и еще что-то, но они и сами не помнят. Нужно узнать, что в этом отношении предпринимал Денис. Куда звонил, что спрашивал. Пока непонятно с какого конца браться за это дело. Есть у меня один телефон Ростелекома (он же ЮТК). Попроубю там что-нибудь узнать.', 7),
(203, 113, 4, '2011-10-01 00:00:00', 'Чтобы дальше что-то двигалось нужно узнать сколько чего будет: сколько турникетов, контроль в прохода в одну сторону или в обе. Нужно ли к этому комплексу подключать видеоидентификацию, и так далее. Потом нам уже посчитают нужное оборудование, и выставят счет.', 7),
(204, 127, 1, '2011-10-01 00:00:00', 'позвонил. по двум счетам из трёх всё ок. По третьему фирма Кампэй ошиблась и не туда перевела деньги. Сегодня с 16 до 18 обещали исправить', 7),
(205, 112, 3, '2011-10-01 00:00:00', 'Сделал. Отметь выполненной.', 2),
(206, 98, 2, '2011-10-01 00:00:00', 'необходимо прокинуть кабель от супервайзера до принтера\r\n', 5),
(207, 132, 1, '2011-10-01 00:00:00', 'Добавить стеклодверь в ассоль шкаф 400', 1),
(208, 124, 2, '2011-10-01 00:00:00', 'Исправил, тестирую', 2),
(209, 120, 1, '2011-10-01 00:00:00', 'Заходил, смотрел. Ничо с виду не тормозит. От слова вообще. Иличев в командировке до конца недели - поэтому спросить у него, что конкретно не так невозможно.', 7),
(210, 101, 2, '2011-10-01 00:00:00', 'Последний день', 2),
(211, 133, 1, '2011-10-06 15:15:58', 'Исправил. Тест', 2),
(212, 137, 1, '2011-10-06 15:21:25', 'нахер надо', 3),
(213, 121, 1, '2011-10-06 15:24:12', 'Сделал, Тест', 2),
(214, 104, 1, '2011-10-06 15:24:40', 'Перевел программу на работу с MySQL. Тест', 2),
(215, 86, 1, '2011-10-06 15:24:57', 'Жду когда выйдет обновление.', 2),
(216, 106, 2, '2011-10-06 15:45:11', 'Проверка связи', 2),
(217, 106, 3, '2011-10-06 15:45:40', 'Тест 2', 2),
(218, 125, 4, '2011-10-07 11:01:21', 'Большую часть счетов получить удалось по факсу у Волгодонского филиала. Это тел 220482 и 277738 (факс). А счет за МГМН дали только по 8-863-244-21-21 (Анжела), наш персональный менеджер. Вернее обещали только что вышлют на мыло.', 7),
(219, 127, 2, '2011-10-07 11:02:00', 'Сегодня наконец то пополнили счет. Дожно все работать', 7),
(220, 131, 1, '2011-10-07 11:02:14', 'Выяснил где брать. И как заполнять. Буду щас делать.', 7),
(221, 135, 1, '2011-10-07 11:02:32', 'Съездил, обновил.', 7),
(222, 111, 6, '2011-10-07 11:33:03', 'Готово', 5),
(223, 118, 1, '2011-10-07 11:33:37', 'Ждем когда запустится последний тв', 5),
(224, 139, 1, '2011-10-07 13:20:07', 'Сделал. Тест', 2),
(225, 143, 1, '2011-10-07 14:07:06', 'Сделал. ТЕст', 2),
(226, 87, 1, '2011-10-07 14:27:48', 'Предварительно закрыт.', 2),
(227, 125, 5, '2011-10-07 17:04:13', 'сдал с горем пополам', 7),
(228, 95, 2, '2011-10-07 17:04:54', 'Со счетом от Ростелекома пришла и детализация.', 7),
(229, 133, 2, '2011-10-07 20:10:16', 'требуется доработка', 2),
(230, 86, 2, '2011-10-10 08:50:03', 'Обновление вышло, буду обновлять.', 2),
(231, 118, 2, '2011-10-10 09:12:14', 'передать документы ЗОВ', 1),
(232, 113, 5, '2011-10-10 09:42:41', 'проверь фирму Легос Юг, в июне они нам готовили счет на 150 тыщ с установкой, вроде дешевле получается', 1),
(233, 104, 2, '2011-10-10 10:23:57', 'поделать что-то с фокусом', 1),
(234, 91, 3, '2011-10-10 10:28:54', 'написала снова Дмитрию и Ренату, жду ответа', 1),
(235, 95, 3, '2011-10-10 10:39:47', 'надо разобрать по каким направлениям звоним: сколько на межгород,межнарод, сколько на сотовые, сколько местные', 1),
(236, 126, 1, '2011-10-10 10:41:48', 'спросить у сереги сделано или нет', 1),
(237, 91, 4, '2011-10-10 12:46:11', 'Дима отписался, по нашим кодам все ок, переговоры приостановлены', 1),
(238, 83, 1, '2011-10-10 12:58:22', 'заказать второй ТСД, проверить com порт, попробовать прокинуть usb без сторонней программы', 1),
(239, 151, 1, '2011-10-10 13:18:19', 'Режим теста (переведены шары folders_archiv и folders_obmen)', 5),
(240, 104, 3, '2011-10-10 13:34:27', 'Сделал фокус, проверяй.', 2);

-- --------------------------------------------------------

--
-- Структура таблицы `Workers`
--

CREATE TABLE IF NOT EXISTS `Workers` (
  `id_Worker` int(3) NOT NULL AUTO_INCREMENT,
  `Name` text,
  `Post` text,
  `UserWindows` text,
  `psw` text,
  PRIMARY KEY (`id_Worker`)
) ENGINE=MyISAM  DEFAULT CHARSET=utf8 AUTO_INCREMENT=8 ;

--
-- Дамп данных таблицы `Workers`
--

INSERT INTO `Workers` (`id_Worker`, `Name`, `Post`, `UserWindows`, `psw`) VALUES
(1, 'Рябинина Татьяна', 'Начальник', 'tanka', NULL),
(2, 'Иванов Антон', 'Программист', 'ivanov', NULL),
(3, 'Омельчук Сергей', 'Программист', 'Somel', NULL),
(4, 'Кучеренко Александр', 'Программист', 'Kucherenko', NULL),
(5, 'Лахнов Александр', 'Админ', 'Sanek', NULL),
(6, 'Чубукин Денис', 'Админ', 'Chubukin_DV', NULL),
(7, 'Пащенко Александр', 'Админ', 'point212', NULL);
