-- phpMyAdmin SQL Dump
-- version 3.3.10deb1
-- http://www.phpmyadmin.net
--
-- Хост: localhost
-- Время создания: Окт 14 2011 г., 15:42
-- Версия сервера: 5.1.54
-- Версия PHP: 5.3.5-1ubuntu7.2

SET SQL_MODE="NO_AUTO_VALUE_ON_ZERO";


/*!40101 SET @OLD_CHARACTER_SET_CLIENT=@@CHARACTER_SET_CLIENT */;
/*!40101 SET @OLD_CHARACTER_SET_RESULTS=@@CHARACTER_SET_RESULTS */;
/*!40101 SET @OLD_COLLATION_CONNECTION=@@COLLATION_CONNECTION */;
/*!40101 SET NAMES utf8 */;

--
-- База данных: `TaskDB`
--

-- --------------------------------------------------------

--
-- Структура таблицы `Events`
--

CREATE TABLE IF NOT EXISTS `Events` (
  `id_Event` int(10) NOT NULL AUTO_INCREMENT,
  `ToFrom` int(3) DEFAULT NULL,
  `ToWhom` int(3) DEFAULT NULL,
  `date` datetime DEFAULT NULL,
  `Description` text,
  `IsRead` int(1) DEFAULT '0',
  `isSend` int(1) DEFAULT '0',
  PRIMARY KEY (`id_Event`)
) ENGINE=MyISAM  DEFAULT CHARSET=utf8 AUTO_INCREMENT=499 ;

--
-- Дамп данных таблицы `Events`
--

INSERT INTO `Events` (`id_Event`, `ToFrom`, `ToWhom`, `date`, `Description`, `IsRead`, `isSend`) VALUES
(150, 1, 1, '2011-10-01 00:00:00', 'Новая задача: Настроить ТСД', 1, 0),
(151, 1, 1, '2011-10-01 00:00:00', 'Новая задача: Рассказать ЗСН про лицензии и сервера, выпросить стопицот денег', 1, 0),
(152, 1, 1, '2011-10-01 00:00:00', 'Новая задача: Написать инструкцию по Gemo и Desmos ', 1, 0),
(153, 2, 1, '2011-10-01 00:00:00', 'Новая задача: Обновить базу до 1.17', 1, 0),
(154, 2, 1, '2011-10-01 00:00:00', 'Новая задача: Закрыть Август.', 1, 0),
(155, 2, 1, '2011-10-01 00:00:00', 'Новая задача: Пакетная печать документов, не Групповой обработкой', 1, 0),
(156, 1, 5, '2011-10-01 00:00:00', 'Новая задача: Разобраться с однокласниками и торентами в Москве', 1, 0),
(157, 1, 5, '2011-10-01 00:00:00', 'Новая задача: Запретить usb на станках', 1, 0),
(158, 1, 1, '2011-10-01 00:00:00', 'Новая задача: СРОЧНО!!! Штрихкоды для кики!', 1, 0),
(159, 1, 1, '2011-10-01 00:00:00', 'Новая задача: Командировка с Самару', 1, 0),
(160, 2, 1, '2011-10-01 00:00:00', 'Статус изменен:отменена задача: Пакетная печать документов, не Групповой обработкой', 1, 0),
(161, 2, 1, '2011-10-01 00:00:00', 'Статус изменен:не начата задача: Пакетная печать документов, не Групповой обработкой', 1, 0),
(162, 1, 1, '2011-10-01 00:00:00', 'Новая задача: Командировка в Москву, переделать инет, разобрать сервер', 1, 0),
(163, 1, 1, '2011-10-01 00:00:00', 'Новая задача: Командировка с Тверь, разобрать сервер', 1, 0),
(164, 1, 1, '2011-10-01 00:00:00', 'Изменена задача: Командировка в Тверь, разобрать сервер', 1, 0),
(165, 1, 6, '2011-10-01 00:00:00', 'Новая задача: Сделать детализацию по звонкам', 1, 0),
(166, 2, 5, '2011-10-01 00:00:00', 'Ход: Там сложная задача для задачи: Разобраться с однокласниками и торентами в Москве', 1, 0),
(167, 2, 1, '2011-10-01 00:00:00', 'Ход: Там сложная задача для задачи: Разобраться с однокласниками и торентами в Москве', 1, 0),
(168, 1, 1, '2011-10-01 00:00:00', 'Новая задача: Сдать авансовый отчет', 1, 0),
(169, 1, 1, '2011-10-01 00:00:00', 'Новая задача: Продемонстрировать работу Гемо-Десмос-Оптипланинг людям', 1, 0),
(170, 1, 5, '2011-10-01 00:00:00', 'Новая задача: Сеть Биесса', 1, 0),
(171, 1, 5, '2011-10-01 00:00:00', 'Новая задача: Видеонаблюдение Плюс', 1, 0),
(172, 1, 5, '2011-10-01 00:00:00', 'Новая задача: Телефоны Плюс', 1, 0),
(173, 1, 5, '2011-10-01 00:00:00', 'Изменена задача: Сеть Биесса Плюс', 1, 0),
(174, 1, 1, '2011-10-01 00:00:00', 'Новая задача: Подписать зарплаты', 1, 0),
(175, 1, 1, '2011-10-01 00:00:00', 'Новая задача: Разобраться с печатью этикеток из Gemo ', 1, 0),
(176, 2, 1, '2011-10-01 00:00:00', 'Ход: Сентябрь? для задачи: Подписать зарплаты', 1, 0),
(177, 2, 1, '2011-10-01 00:00:00', 'Ход: Сентябрь? для задачи: Подписать зарплаты', 1, 0),
(178, 2, 1, '2011-10-01 00:00:00', 'Новая задача: автоматическая установка даты запрета редактирования для Операторов производства', 1, 0),
(179, 2, 1, '2011-10-01 00:00:00', 'Статус изменен:в процессе задача: автоматическая установка даты запрета редактирования для Операторов производства', 1, 0),
(180, 1, 1, '2011-10-01 00:00:00', 'Статус изменен:в процессе задача: СРОЧНО!!! Штрихкоды для кики!', 1, 0),
(181, 1, 1, '2011-10-01 00:00:00', 'Ход: Позвонить Федору 9037723696 для задачи: СРОЧНО!!! Штрихкоды для кики!', 1, 0),
(182, 2, 1, '2011-10-01 00:00:00', 'Новая задача: Бета тестирование задач.', 1, 0),
(183, 2, 1, '2011-10-01 00:00:00', 'Статус изменен:в процессе задача: Закрыть Август.', 1, 0),
(184, 2, 4, '2011-10-01 00:00:00', 'Новая задача: Пробная задача', 1, 0),
(185, 2, 1, '2011-10-01 00:00:00', 'Новая задача: Пробная задача', 1, 0),
(186, 4, 1, '2011-10-01 00:00:00', 'Статус изменен:в процессе задача: Переделать Поступление для ввода данных по ТТН', 1, 0),
(187, 4, 1, '2011-10-01 00:00:00', 'Изменена задача: Переделать Поступление для ввода данных по ТТН в (Москве)\r\n', 1, 0),
(188, 1, 4, '2011-10-01 00:00:00', 'Статус изменен:выполнена задача: Переделать Поступление для ввода данных по ТТН в (Москве)\r\n', 1, 0),
(189, 4, 1, '2011-10-01 00:00:00', 'Новая задача: Возврат поставщику', 1, 0),
(190, 4, 1, '2011-10-01 00:00:00', 'Изменена задача: Возврат поставщику Реализация', 1, 0),
(191, 4, 1, '2011-10-01 00:00:00', 'Изменена задача: Возврат поставщику Реализация Пермещение', 1, 0),
(192, 4, 1, '2011-10-01 00:00:00', 'Изменена задача: Возврат поставщику_, Реализация_, Перемещение_, добавить закладку ТТН', 1, 0),
(193, 4, 1, '2011-10-01 00:00:00', 'Статус изменен:в процессе задача: Возврат поставщику_, Реализация_, Перемещение_, добавить закладку ТТН', 1, 0),
(194, 2, 7, '2011-10-01 00:00:00', 'Новая задача: Тестирование терминала A04-ts', 1, 0),
(195, 2, 1, '2011-10-01 00:00:00', 'Новая задача: Тестирование терминала A04-ts', 1, 0),
(196, 7, 1, '2011-10-01 00:00:00', 'Ход: а что тестировать? :) для задачи: Тестирование терминала A04-ts', 1, 0),
(197, 4, 1, '2011-10-01 00:00:00', 'Ход: Для реализации уже реализовано для задачи: Возврат поставщику_, Реализация_, Перемещение_, добавить закладку ТТН', 1, 0),
(198, 2, 7, '2011-10-01 00:00:00', 'Ход: надо на железяку поставить для задачи: Тестирование терминала A04-ts', 1, 0),
(199, 2, 1, '2011-10-01 00:00:00', 'Ход: надо на железяку поставить для задачи: Тестирование терминала A04-ts', 1, 0),
(200, 1, 1, '2011-10-01 00:00:00', 'Новая задача: СРОЧНО!!! Отпроситься на четверг-пятницу', 1, 0),
(201, 1, 6, '2011-10-01 00:00:00', 'Ваша задача: Сделать детализацию по звонкам передана другому', 1, 0),
(202, 1, 7, '2011-10-01 00:00:00', 'Новая задача: Сделать детализацию по звонкам', 1, 0),
(203, 5, 1, '2011-10-01 00:00:00', 'Ход: Все кабеля раскинуты, осталось определится с оконечкой для задачи: Сеть Биесса Плюс', 1, 0),
(204, 5, 1, '2011-10-01 00:00:00', 'Новая задача: Перенос сети и телефона в участке упаковки', 1, 0),
(205, 5, 1, '2011-10-01 00:00:00', 'Ход: Стадия заключения договора с Голден Ай для задачи: Видеонаблюдение Плюс', 1, 0),
(206, 1, 1, '2011-10-01 00:00:00', 'Новая задача: Начать бекапить базы итальянцев', 1, 0),
(207, 1, 5, '2011-10-01 00:00:00', 'Новая задача: Починить ТСД для Марьиванны', 1, 0),
(208, 2, 1, '2011-10-01 00:00:00', 'Новая задача: Статистика кадров не правильные данные', 1, 0),
(209, 2, 1, '2011-10-01 00:00:00', 'Статус изменен:в процессе задача: Статистика кадров не правильные данные', 1, 0),
(210, 2, 1, '2011-10-01 00:00:00', 'Ход: Исправил. Попадали договорники у которых договор уже закончился. для задачи: Статистика кадров не правильные данные', 1, 0),
(211, 7, 1, '2011-10-01 00:00:00', 'Новая задача: найти фирмы которые делают автоматические проходные. узнать стоимость.', 1, 0),
(212, 7, 1, '2011-10-01 00:00:00', 'Статус изменен:не начата задача: Сделать детализацию по звонкам', 1, 0),
(213, 7, 1, '2011-10-01 00:00:00', 'Статус изменен:в процессе задача: Тестирование терминала A04-ts', 1, 0),
(214, 7, 1, '2011-10-01 00:00:00', 'Новая задача: узнать где купить глушилки сотового и не конфликтуют ли они с оборудованием станков', 1, 0),
(215, 1, 1, '2011-10-01 00:00:00', 'Ход: Выслала письмо Дмитрию, жду ответа для задачи: СРОЧНО!!! Штрихкоды для кики!', 1, 0),
(216, 1, 1, '2011-10-01 00:00:00', 'Ход: Сдать остаток суммы в кассу для задачи: Сдать авансовый отчет', 1, 0),
(217, 2, 1, '2011-10-01 00:00:00', 'Новая задача: Проверить счет у Кима на Ipad', 1, 0),
(218, 7, 1, '2011-10-01 00:00:00', 'Новая задача: поставить автокад Дацюку и Попову', 1, 0),
(219, 2, 1, '2011-10-01 00:00:00', 'Новая задача: Новое рабочее место в Снабжение', 1, 0),
(220, 7, 1, '2011-10-01 00:00:00', 'Ход: Позвонил в Инфо21. Сказали что делают, Но нужного человека нет на месте. Буду перезванивать. для задачи: найти фирмы которые делают автоматические проходные. узнать стоимость.', 1, 0),
(221, 7, 1, '2011-10-01 00:00:00', 'Ход: лицушного ни у кого нет. Буду искать ломаный и качать для задачи: поставить автокад Дацюку и Попову', 1, 0),
(222, 1, 1, '2011-10-01 00:00:00', 'Ход:  для задачи: Сдать авансовый отчет', 1, 0),
(223, 1, 1, '2011-10-01 00:00:00', 'Статус изменен:выполнена задача: Сдать авансовый отчет', 1, 0),
(224, 1, 1, '2011-10-01 00:00:00', 'Статус изменен:выполнена задача: Проверить счет у Кима на Ipad', 1, 0),
(225, 1, 5, '2011-10-01 00:00:00', 'Новая задача: Разобраться с оплатой телеков PCY', 1, 0),
(226, 1, 1, '2011-10-01 00:00:00', 'Новая задача: Подписать счет на струбцины', 1, 0),
(227, 1, 1, '2011-10-01 00:00:00', 'Ход: Передала заявку Веревке для задачи: Подписать счет на струбцины', 1, 0),
(228, 7, 1, '2011-10-01 00:00:00', 'Статус изменен:в процессе задача: найти фирмы которые делают автоматические проходные. узнать стоимость.', 1, 0),
(229, 7, 1, '2011-10-01 00:00:00', 'Статус изменен:в процессе задача: поставить автокад Дацюку и Попову', 1, 0),
(230, 7, 1, '2011-10-01 00:00:00', 'Ход: Саня нашёл у себя дистр Автокада. Автокад 2010. русский. портабельный.\r\nПоставил и Дацюку и Попову. У Дацюка проверил - работает. У Попова еще нет. для задачи: поставить автокад Дацюку и Попову', 1, 0),
(231, 7, 1, '2011-10-01 00:00:00', 'Новая задача: В типографии на плюсе на компе тормозит Корел Х5. Говорят Х3 не тормозил. Надо проверить что за комп, и что там тормозит.', 1, 0),
(232, 5, 1, '2011-10-01 00:00:00', 'Ход: готово...\r\n для задачи: Починить ТСД для Марьиванны', 1, 0),
(233, 5, 1, '2011-10-01 00:00:00', 'Ход:  для задачи: Починить ТСД для Марьиванны', 1, 0),
(234, 7, 1, '2011-10-01 00:00:00', 'Ход: Попробовал проблемный принтер HP 1020. Печатает нормально и с моего компа. И с терминала. Никаких левых окошек не вылазит. для задачи: Тестирование терминала A04-ts', 1, 0),
(235, 7, 1, '2011-10-01 00:00:00', 'Ход: Можно поставить на железяку, но надо чтобы Саня привёз ее с плюса. Один из компов что для Итальянцев покупали. для задачи: Тестирование терминала A04-ts', 1, 0),
(236, 5, 1, '2011-10-01 00:00:00', 'Ход:  для задачи: Починить ТСД для Марьиванны', 1, 0),
(237, 5, 1, '2011-10-01 00:00:00', 'Ход: .... для задачи: Починить ТСД для Марьиванны', 1, 0),
(238, 5, 1, '2011-10-01 00:00:00', 'Ход: \r\n для задачи: Починить ТСД для Марьиванны', 1, 0),
(239, 7, 1, '2011-10-01 00:00:00', 'Ход: ИНФО21. Могут сделать. 150к - без монтажа, 1 турникет, софт, карточки на 1000 чел. для задачи: найти фирмы которые делают автоматические проходные. узнать стоимость.', 1, 0),
(240, 7, 1, '2011-10-01 00:00:00', 'Ход: Не понятно с какой стороны взяться. Денис вроде начинал. Делал запросы, откудато ему должны были присылать овтет или даже прислали. Нужно дозвонитьс для задачи: Сделать детализацию по звонкам', 1, 0),
(241, 7, 1, '2011-10-01 00:00:00', 'Статус изменен:в процессе задача: Сделать детализацию по звонкам', 1, 0),
(242, 2, 1, '2011-10-01 00:00:00', 'Новая задача: ТСД. Инвентаризация.', 1, 0),
(243, 7, 1, '2011-10-01 00:00:00', 'Ход: http://www.parsec.ru - производители софта и контроллеров для задачи: найти фирмы которые делают автоматические проходные. узнать стоимость.', 1, 0),
(244, 1, 1, '2011-10-01 00:00:00', 'Новая задача: можно ли передать лицензии на мс сервер аффилированному лицу', 1, 0),
(245, 1, 1, '2011-10-01 00:00:00', 'Новая задача: найти альтернативного интернет-провайдера для переноса серверов', 1, 0),
(246, 2, 1, '2011-10-01 00:00:00', 'Новая задача: FTP: Архивы', 1, 0),
(247, 2, 1, '2011-10-01 00:00:00', 'Ход: Удаление старых бекапов, не работает. для задачи: FTP: Архивы', 1, 0),
(248, 2, 7, '2011-10-01 00:00:00', 'Новая задача: Сдать документы Сентябрь', 1, 0),
(249, 2, 1, '2011-10-01 00:00:00', 'Новая задача: Сдать документы Сентябрь', 1, 0),
(250, 2, 7, '2011-10-01 00:00:00', 'Ход: 139 Мельникова Оксана, необходимо узнать оприходывали ли уже по этому документу Материал. Если нет оприходывать. для задачи: Сдать документы Сентябрь', 1, 0),
(251, 2, 1, '2011-10-01 00:00:00', 'Ход: 139 Мельникова Оксана, необходимо узнать оприходывали ли уже по этому документу Материал. Если нет оприходывать. для задачи: Сдать документы Сентябрь', 1, 0),
(252, 7, 1, '2011-10-01 00:00:00', 'Ход: Всё поставили. Работает. для задачи: поставить автокад Дацюку и Попову', 1, 0),
(253, 2, 1, '2011-10-01 00:00:00', 'Ход: Тест для задачи: Статистика кадров не правильные данные', 1, 0),
(254, 7, 1, '2011-10-01 00:00:00', 'Ход: По счету 550 - все проведено. Бумажечку отложу куда-нибудь. для задачи: Сдать документы Сентябрь', 1, 0),
(255, 7, 1, '2011-10-01 00:00:00', 'Ход: Дальше.. бухгалтерию интересуют счета за сентябрь за Связь - телефон и интернет. Может и еще что-то, но они и сами не помнят. Нужно узнать, что в этом отношении предпринимал Денис. Куда звонил, что спрашивал. Пока непонятно с какого конца браться за это дело. Есть у меня один телефон Ростелекома (он же ЮТК). Попроубю там что-нибудь узнать. для задачи: Сдать документы Сентябрь', 1, 0),
(256, 7, 1, '2011-10-01 00:00:00', 'Статус изменен:в процессе задача: Сдать документы Сентябрь', 1, 0),
(257, 7, 1, '2011-10-01 00:00:00', 'Ход: Чтобы дальше что-то двигалось нужно узнать сколько чего будет: сколько турникетов, контроль в прохода в одну сторону или в обе. Нужно ли к этому комплексу подключать видеоидентификацию, и так далее. Потом нам уже посчитают нужное оборудование, и выставят счет. для задачи: найти фирмы которые делают автоматические проходные. узнать стоимость.', 1, 0),
(258, 1, 1, '2011-10-01 00:00:00', 'Новая задача: Права Евгении Ебург', 1, 0),
(259, 7, 1, '2011-10-01 00:00:00', 'Новая задача: разобраться со счетами на телеки ЗСН. ', 1, 0),
(260, 1, 1, '2011-10-01 00:00:00', 'Новая задача: Рейка настил на алфавит', 1, 0),
(261, 7, 1, '2011-10-01 00:00:00', 'Ход: позвонил. по двум счетам из трёх всё ок. По третьему фирма Кампэй ошиблась и не туда перевела деньги. Сегодня с 16 до 18 обещали исправить для задачи: разобраться со счетами на телеки ЗСН. ', 1, 0),
(262, 1, 1, '2011-10-01 00:00:00', 'Новая задача: Устнановить автоматическую скидку на Бейсики', 1, 0),
(263, 1, 1, '2011-10-01 00:00:00', 'Статус изменен:выполнена задача: Рейка настил на алфавит', 1, 0),
(264, 2, 1, '2011-10-01 00:00:00', 'Ход: Сделал. Отметь выполненной. для задачи: Статистика кадров не правильные данные', 1, 0),
(265, 5, 1, '2011-10-01 00:00:00', 'Ход: необходимо прокинуть кабель от супервайзера до принтера\r\n для задачи: Сеть Биесса Плюс', 1, 0),
(266, 1, 1, '2011-10-01 00:00:00', 'Новая задача: записать молодкину диск и передать олесе', 1, 0),
(267, 7, 1, '2011-10-01 00:00:00', 'Новая задача: дефектная ведомость на кабель витуху до конца недели сделать.', 1, 0),
(268, 1, 1, '2011-10-01 00:00:00', 'Новая задача: Увеличить длину поля в терминале до 110', 1, 0),
(269, 1, 1, '2011-10-01 00:00:00', 'Ход: Добавить стеклодверь в ассоль шкаф 400 для задачи: Увеличить длину поля в терминале до 110', 1, 0),
(270, 2, 1, '2011-10-01 00:00:00', 'Новая задача: Отпуска без содержания. Исправить отчет.', 1, 0),
(271, 2, 1, '2011-10-01 00:00:00', 'Ход: Исправил, тестирую для задачи: FTP: Архивы', 1, 0),
(272, 1, 1, '2011-10-01 00:00:00', 'Новая задача: помочь тинычу с черным списком', 1, 0),
(273, 7, 1, '2011-10-01 00:00:00', 'Задача: В типографии на плюсе на компе тормозит Корел Х5. Говорят Х3 не тормозил. Надо проверить что за комп, и что там тормозит.                                                  Исполнитель: Пащенко Александр                              Новый ход: Заходил, смотрел. Ничо с виду не тормозит. От слова вообще. Иличев в командировке до конца недели - поэтому спросить у него, что конкретно не так невозможно.', 1, 0),
(274, 7, 1, '2011-10-01 00:00:00', 'Статус изменен:в процессе задача: В типографии на плюсе на компе тормозит Корел Х5. Говорят Х3 не тормозил. Надо проверить что за комп, и что там тормозит.', 1, 0),
(275, 2, 1, '2011-10-01 00:00:00', 'Задача: Подписать зарплаты                                 Исполнитель: Рябинина Татьяна                               Новый ход: Последний день', 1, 0),
(276, 2, 1, '2011-10-01 00:00:00', 'Задача: Подписать зарплаты                                 Исполнитель: Рябинина Татьяна                               Новый ход: Последний день', 1, 0),
(277, 7, 1, '2011-10-01 00:00:00', 'Новая задача: в цимлянске нужно обновить ключ Банк-Клиента СберБанка до понедельника.                                  Исполнитель: Пащенко Александр', 1, 0),
(278, 7, 1, '2011-10-01 00:00:00', 'Новая задача: Заказать как минимум 2 бесперебойника и 3 аккума. В 5й цех на плюсе 2 шт, и у нас экономисту 1шт, и в маркетинг 2шт.                                                 Исполнитель: Пащенко Александр', 1, 0),
(279, 2, 1, '2011-10-06 15:15:43', 'Статус изменен:в процессе задача: Отпуска без содержания. Исправить отчет.', 1, 0),
(280, 2, 1, '2011-10-06 15:15:58', 'Задача: Отпуска без содержания. Исправить отчет.           Исполнитель: Иванов Антон                                   Новый ход: Исправил. Тест', 1, 0),
(281, 2, 3, '2011-10-06 15:20:34', 'Новая задача: Настроить обмен с Foratex                    Исполнитель: Омельчук Сергей', 1, 0),
(282, 2, 1, '2011-10-06 15:20:34', 'Новая задача: Настроить обмен с Foratex                    Исполнитель: Омельчук Сергей', 1, 0),
(283, 3, 1, '2011-10-06 15:21:25', 'Задача: Настроить обмен с Foratex                          Исполнитель: Омельчук Сергей                                Новый ход: нахер надо', 1, 0),
(284, 2, 1, '2011-10-06 15:23:52', 'Статус изменен:в процессе задача: ТСД. Инвентаризация.', 1, 0),
(285, 2, 1, '2011-10-06 15:24:12', 'Задача: ТСД. Инвентаризация.                               Исполнитель: Иванов Антон                                   Новый ход: Сделал, Тест', 1, 0),
(286, 2, 1, '2011-10-06 15:24:40', 'Задача: Бета тестирование задач.                           Исполнитель: Иванов Антон                                   Новый ход: Перевел программу на работу с MySQL. Тест', 1, 0),
(287, 2, 1, '2011-10-06 15:24:57', 'Задача: Обновить базу до 1.17                              Исполнитель: Иванов Антон                                   Новый ход: Жду когда выйдет обновление.', 1, 0),
(288, 2, 3, '2011-10-06 15:29:48', 'Новая задача: Загрузить алмазПакеты в Регионы, особенно в Перьм.                                                       Исполнитель: Омельчук Сергей', 1, 0),
(289, 2, 1, '2011-10-06 15:29:48', 'Новая задача: Загрузить алмазПакеты в Регионы, особенно в Перьм.                                                       Исполнитель: Омельчук Сергей', 1, 0),
(290, 2, 4, '2011-10-06 15:45:11', 'Задача: Возврат поставщику_, Реализация_, Перемещение_, добавить закладку ТТН                                          Исполнитель: Кучеренко Александр                            Новый ход: Проверка связи', 1, 0),
(291, 2, 1, '2011-10-06 15:45:11', 'Задача: Возврат поставщику_, Реализация_, Перемещение_, добавить закладку ТТН                                          Исполнитель: Кучеренко Александр                            Новый ход: Проверка связи', 1, 0),
(292, 2, 4, '2011-10-06 15:45:40', 'Задача: Возврат поставщику_, Реализация_, Перемещение_, добавить закладку ТТН                                          Исполнитель: Кучеренко Александр                            Новый ход: Тест 2', 1, 0),
(293, 2, 1, '2011-10-06 15:45:40', 'Задача: Возврат поставщику_, Реализация_, Перемещение_, добавить закладку ТТН                                          Исполнитель: Кучеренко Александр                            Новый ход: Тест 2', 1, 0),
(294, 2, 1, '2011-10-07 08:28:34', 'Новая задача: Отчет перемещение товаров в ценах номенклатуры. Неверный начальный остаток с группировкой по РегистраторуИсполнитель: Иванов Антон', 1, 0),
(295, 2, 1, '2011-10-07 08:28:39', 'Статус изменен:в процессе задача: Отчет перемещение товаров в ценах номенклатуры. Неверный начальный остаток с группировкой по Регистратору', 1, 0),
(296, 3, 1, '2011-10-07 10:57:20', 'Изменена задача: Загрузить алмазПакеты в Регионы, особенно в Перьм.\nP.S. > в Пермь загрузил', 1, 0),
(297, 7, 1, '2011-10-07 11:01:21', 'Задача: Сдать документы Сентябрь                           Исполнитель: Пащенко Александр                              Новый ход: Большую часть счетов получить удалось по факсу у Волгодонского филиала. Это тел 220482 и 277738 (факс). А счет за МГМН дали только по 8-863-244-21-21 (Анжела), наш персональный менеджер. Вернее обещали только что вышлют на мыло.', 1, 0),
(298, 7, 1, '2011-10-07 11:02:00', 'Задача: разобраться со счетами на телеки ЗСН.              Исполнитель: Пащенко Александр                              Новый ход: Сегодня наконец то пополнили счет. Дожно все работать', 1, 0),
(299, 7, 1, '2011-10-07 11:02:14', 'Задача: дефектная ведомость на кабель витуху до конца недели сделать.                                                  Исполнитель: Пащенко Александр                              Новый ход: Выяснил где брать. И как заполнять. Буду щас делать.', 1, 0),
(300, 7, 1, '2011-10-07 11:02:32', 'Задача: в цимлянске нужно обновить ключ Банк-Клиента СберБанка до понедельника.                                        Исполнитель: Пащенко Александр                              Новый ход: Съездил, обновил.', 1, 0),
(301, 7, 1, '2011-10-07 11:14:59', 'Статус изменен:в процессе задача: в цимлянске нужно обновить ключ Банк-Клиента СберБанка до понедельника.', 1, 0),
(302, 5, 1, '2011-10-07 11:30:26', 'Новая задача: Разобраться с настройкой mysql на a07-gw     Исполнитель: Лахнов Александр', 1, 0),
(303, 5, 1, '2011-10-07 11:31:40', 'Новая задача: Заказать лотки, стяжки                       Исполнитель: Лахнов Александр', 1, 0),
(304, 5, 1, '2011-10-07 11:32:45', 'Новая задача: Тестирование медиаконвертера ( после выключения света отказался работать)                                Исполнитель: Лахнов Александр', 1, 0),
(305, 5, 1, '2011-10-07 11:33:03', 'Задача: Починить ТСД для Марьиванны                        Исполнитель: Лахнов Александр                               Новый ход: Готово', 1, 0),
(306, 5, 1, '2011-10-07 11:33:37', 'Задача: Разобраться с оплатой телеков PCY                  Исполнитель: Лахнов Александр                               Новый ход: Ждем когда запустится последний тв', 1, 0),
(307, 2, 1, '2011-10-07 13:20:07', 'Задача: Отчет перемещение товаров в ценах номенклатуры. Неверный начальный остаток с группировкой по Регистратору      Исполнитель: Иванов Антон                                   Новый ход: Сделал. Тест', 1, 0),
(308, 2, 1, '2011-10-07 14:01:23', 'Новая задача: Сбыт.ПланПроизводство заполнять только месячными заявками.                                               Исполнитель: Иванов Антон', 1, 0),
(309, 2, 1, '2011-10-07 14:07:06', 'Задача: Сбыт.ПланПроизводство заполнять только месячными заявками.                                                     Исполнитель: Иванов Антон                                   Новый ход: Сделал. ТЕст', 1, 0),
(310, 2, 1, '2011-10-07 14:27:48', 'Задача: Закрыть Август.                                    Исполнитель: Иванов Антон                                   Новый ход: Предварительно закрыт.', 1, 0),
(311, 7, 1, '2011-10-07 17:04:13', 'Задача: Сдать документы Сентябрь                           Исполнитель: Пащенко Александр                              Новый ход: сдал с горем пополам', 1, 0),
(312, 7, 1, '2011-10-07 17:04:54', 'Задача: Сделать детализацию по звонкам                     Исполнитель: Пащенко Александр                              Новый ход: Со счетом от Ростелекома пришла и детализация.', 1, 0),
(313, 2, 1, '2011-10-07 20:10:16', 'Задача: Отпуска без содержания. Исправить отчет.           Исполнитель: Иванов Антон                                   Новый ход: требуется доработка', 1, 0),
(314, 5, 1, '2011-10-10 07:37:10', 'Новая задача: Замутить автомотическое создание бэкапов мускула на a07-gw                                               Исполнитель: Лахнов Александр', 1, 0),
(315, 5, 1, '2011-10-10 07:38:02', 'Новая задача: Подключить к ноуту oai-08 атс максикомом по usb-com                                                      Исполнитель: Лахнов Александр', 1, 0),
(316, 5, 1, '2011-10-10 07:43:18', 'Новая задача: Подготовить старый файловый сервер a6-fs к переустановки                                                 Исполнитель: Лахнов Александр', 1, 0),
(317, 5, 1, '2011-10-10 07:44:34', 'Новая задача: Перевезти ИБП (1500 Вт) из старой серверной в новую, и подключить на него сетевое оборудование           Исполнитель: Лахнов Александр', 1, 0),
(318, 2, 1, '2011-10-10 08:50:03', 'Задача: Обновить базу до 1.17                              Исполнитель: Иванов Антон                                   Новый ход: Обновление вышло, буду обновлять.', 1, 0),
(319, 2, 1, '2011-10-10 08:50:06', 'Статус изменен:в процессе задача: Обновить базу до 1.17', 1, 0),
(320, 2, 1, '2011-10-10 08:51:39', 'Новая задача: Закрыть Сентябрь                             Исполнитель: Иванов Антон', 1, 0),
(321, 1, 1, '2011-10-10 08:54:21', 'Статус изменен:выполнена задача: Подписать зарплаты', 1, 0),
(322, 1, 1, '2011-10-10 09:05:44', 'Статус изменен:выполнена задача: СРОЧНО!!! Отпроситься на четверг-пятницу', 1, 0),
(323, 1, 5, '2011-10-10 09:08:08', 'Статус изменен:выполнена задача: Починить ТСД для Марьиванны', 1, 0),
(324, 1, 2, '2011-10-10 09:09:50', 'Статус изменен:выполнена задача: Статистика кадров не правильные данные', 1, 0),
(325, 1, 7, '2011-10-10 09:11:17', 'Статус изменен:выполнена задача: поставить автокад Дацюку и Попову', 1, 0),
(326, 1, 1, '2011-10-10 09:11:43', 'Статус изменен:в процессе задача: Новое рабочее место в Снабжение', 1, 0),
(327, 1, 5, '2011-10-10 09:12:14', 'Задача: Разобраться с оплатой телеков PCY                  Исполнитель: Лахнов Александр                               Новый ход: передать документы ЗОВ', 1, 0),
(328, 1, 2, '2011-10-10 09:31:32', 'Статус изменен:выполнена задача: Сбыт.ПланПроизводство заполнять только месячными заявками.', 1, 0),
(329, 1, 7, '2011-10-10 09:42:41', 'Задача: найти фирмы которые делают автоматические проходные. узнать стоимость.                                         Исполнитель: Пащенко Александр                              Новый ход: проверь фирму Легос Юг, в июне они нам готовили счет на 150 тыщ с установкой, вроде дешевле получается', 1, 0),
(330, 1, 7, '2011-10-10 09:42:54', 'Статус изменен:отменена задача: узнать где купить глушилки сотового и не конфликтуют ли они с оборудованием станков', 1, 0),
(331, 1, 2, '2011-10-10 09:43:42', 'Статус изменен:выполнена задача: ТСД. Инвентаризация.', 1, 0),
(332, 1, 2, '2011-10-10 09:46:38', 'Статус изменен:выполнена задача: FTP: Архивы', 1, 0),
(333, 2, 1, '2011-10-10 09:48:57', 'Изменена задача: Tasks. Пожелания', 1, 0),
(334, 1, 7, '2011-10-10 09:49:42', 'Статус изменен:выполнена задача: разобраться со счетами на телеки ЗСН.', 1, 0),
(335, 1, 7, '2011-10-10 09:50:44', 'Статус изменен:выполнена задача: В типографии на плюсе на компе тормозит Корел Х5. Говорят Х3 не тормозил. Надо проверить что за комп, и что там тормозит.', 1, 0),
(336, 1, 5, '2011-10-10 09:51:03', 'Изменена задача: Разобраться с оплатой телеков ЗСН', 1, 0),
(337, 1, 1, '2011-10-10 09:52:03', 'Статус изменен:отменена задача: помочь тинычу с черным списком', 1, 0),
(338, 7, 1, '2011-10-10 09:52:52', 'Задача: дефектная ведомость на кабель витуху до конца недели сделать. передана другому', 1, 0),
(339, 7, 6, '2011-10-10 09:52:52', 'Новая задача: дефектная ведомость на кабель витуху до конца недели сделать.', 1, 0),
(340, 1, 7, '2011-10-10 09:53:26', 'Статус изменен:выполнена задача: в цимлянске нужно обновить ключ Банк-Клиента СберБанка до понедельника.', 1, 0),
(341, 1, 2, '2011-10-10 09:55:38', 'Статус изменен:выполнена задача: Отчет перемещение товаров в ценах номенклатуры. Неверный начальный остаток с группировкой по Регистратору', 1, 0),
(342, 1, 3, '2011-10-10 10:06:06', 'Новая задача: Размножение возвратов от регионалов          Исполнитель: Омельчук Сергей', 1, 0),
(343, 1, 2, '2011-10-10 10:23:57', 'Задача: Tasks. Пожелания                                   Исполнитель: Иванов Антон                                   Новый ход: поделать что-то с фокусом', 1, 0),
(344, 1, 1, '2011-10-10 10:28:54', 'Задача: СРОЧНО!!! Штрихкоды для кики!                      Исполнитель: Рябинина Татьяна                               Новый ход: написала снова Дмитрию и Ренату, жду ответа', 1, 0),
(345, 1, 7, '2011-10-10 10:37:45', 'Ваша задача: Сделать детализацию по звонкам передана другому', 1, 0),
(346, 1, 6, '2011-10-10 10:37:45', 'Новая задача: Сделать детализацию по звонкам', 1, 0),
(347, 1, 7, '2011-10-10 10:38:03', 'Ваша задача: Заказать как минимум 2 бесперебойника и 3 аккума. В 5й цех на плюсе 2 шт, и у нас экономисту 1шт, и в маркетинг 2шт. передана другому', 1, 0),
(348, 1, 6, '2011-10-10 10:38:03', 'Новая задача: Заказать как минимум 2 бесперебойника и 3 аккума. В 5й цех на плюсе 2 шт, и у нас экономисту 1шт, и в маркетинг 2шт.', 1, 0),
(349, 1, 7, '2011-10-10 10:38:39', 'Статус изменен:выполнена задача: Сдать документы Сентябрь', 1, 0),
(350, 1, 6, '2011-10-10 10:39:47', 'Задача: Сделать детализацию по звонкам                     Исполнитель: Чубукин Денис                                  Новый ход: надо разобрать по каким направлениям звоним: сколько на межгород,межнарод, сколько на сотовые, сколько местные', 1, 0),
(351, 1, 1, '2011-10-10 10:41:48', 'Задача: Права Евгении Ебург                                Исполнитель: Рябинина Татьяна                               Новый ход: спросить у сереги сделано или нет', 1, 0),
(352, 1, 1, '2011-10-10 12:46:11', 'Задача: СРОЧНО!!! Штрихкоды для кики!                      Исполнитель: Рябинина Татьяна                               Новый ход: Дима отписался, по нашим кодам все ок, переговоры приостановлены', 1, 0),
(353, 1, 1, '2011-10-10 12:46:32', 'Статус изменен:выполнена задача: СРОЧНО!!! Штрихкоды для кики!', 1, 0),
(354, 1, 1, '2011-10-10 12:46:57', 'Статус изменен:выполнена задача: Права Евгении Ебург', 1, 0),
(355, 1, 1, '2011-10-10 12:47:30', 'Статус изменен:выполнена задача: Подписать счет на струбцины', 1, 0),
(356, 1, 1, '2011-10-10 12:58:22', 'Задача: Настроить ТСД                                      Исполнитель: Рябинина Татьяна                               Новый ход: заказать второй ТСД, проверить com порт, попробовать прокинуть usb без сторонней программы', 1, 0),
(357, 1, 1, '2011-10-10 13:08:33', 'Новая задача: написать письмо про t-log                    Исполнитель: Рябинина Татьяна', 1, 0),
(358, 5, 1, '2011-10-10 13:17:24', 'Новая задача: Перевод файлового сервера на ос linux        Исполнитель: Лахнов Александр', 1, 0),
(359, 5, 1, '2011-10-10 13:18:19', 'Задача: Перевод файлового сервера на ос linux              Исполнитель: Лахнов Александр                               Новый ход: Режим теста (переведены шары folders_archiv и folders_obmen)', 1, 0),
(360, 5, 1, '2011-10-10 13:21:57', 'Новая задача: Настройка сервера бэкапов                    Исполнитель: Лахнов Александр', 1, 0),
(361, 2, 1, '2011-10-10 13:34:27', 'Задача: Tasks. Пожелания                                   Исполнитель: Иванов Антон                                   Новый ход: Сделал фокус, проверяй.', 1, 0),
(362, 2, 1, '2011-10-10 14:04:08', 'Задача: Обновить базу до 1.17                              Исполнитель: Иванов Антон                                   Новый ход: Перед обновлением необходимо обновить платформу на сервере, и сконвертировать базы в новый формат.', 1, 0),
(363, 1, 7, '2011-10-10 15:05:42', 'Новая задача: Проверить возможность внедрения радиочастотных меток на склад (сколько стоитметка, сколько стоит оборудование, сколько стоит внедрение, что менять?)                 Исполнитель: Пащенко Александр', 1, 0),
(364, 2, 1, '2011-10-10 15:13:22', 'Задача: Tasks. Пожелания                                   Исполнитель: Иванов Антон                                   Новый ход: Проверка модальности событий.', 1, 0),
(365, 1, 5, '2011-10-10 15:15:03', 'Статус изменен:отменена задача: Разобраться с однокласниками и торентами в Москве', 1, 0),
(366, 1, 5, '2011-10-10 15:15:19', 'Статус изменен:выполнена задача: Разобраться с оплатой телеков ЗСН', 1, 0),
(367, 1, 1, '2011-10-10 16:05:19', 'Статус изменен:в процессе задача: написать письмо про t-log', 1, 0),
(368, 1, 1, '2011-10-10 16:05:33', 'Задача: написать письмо про t-log                          Исполнитель: Рябинина Татьяна                               Новый ход: написала, жду ответа', 1, 0),
(369, 1, 1, '2011-10-10 16:16:55', 'Новая задача: составить список всех изделий, отметить что сделано, объяснить всю проблему ситуации ЗСН                 Исполнитель: Рябинина Татьяна', 1, 0),
(370, 5, 1, '2011-10-10 16:42:34', 'Новая задача: Прокладка сеть в ЭМС (через котельную)       Исполнитель: Лахнов Александр', 1, 0),
(371, 2, 1, '2011-10-10 20:45:22', 'Задача: Tasks. Пожелания                                   Исполнитель: Иванов Антон                                   Новый ход: Добавил новый статус Важно. и картинку в строку', 1, 0),
(372, 2, 1, '2011-10-10 20:46:25', 'Статус изменен:важно задача: Закрыть Сентябрь', 1, 0),
(373, 5, 1, '2011-10-10 22:18:53', 'Задача: Видеонаблюдение Плюс                               Исполнитель: Лахнов Александр                               Новый ход: Подготовка презентации руководсву', 1, 0),
(374, 5, 1, '2011-10-10 22:19:58', 'Изменена задача: Телефоны Плюс (проходная 2)', 1, 0),
(375, 5, 1, '2011-10-10 22:20:28', 'Изменена задача: Сеть Биесса Плюс (area6)', 1, 0),
(376, 5, 1, '2011-10-10 22:21:47', 'Новая задача: Заказать винчестер на a05-sql                Исполнитель: Лахнов Александр', 1, 0),
(377, 1, 7, '2011-10-11 08:33:43', 'Задача: Проверить возможность внедрения радиочастотных меток на склад (сколько стоитметка, сколько стоит оборудование, сколько стоит внедрение, что менять?)                       Исполнитель: Пащенко Александр                              Новый ход: Сколько будет стоить комплект оборудования, считывающий до 3 местров и принтер этих меток', 1, 0),
(378, 1, 7, '2011-10-11 08:33:51', 'Статус изменен:в процессе задача: Проверить возможность внедрения радиочастотных меток на склад (сколько стоитметка, сколько стоит оборудование, сколько стоит внедрение, что менять?)', 1, 0);
INSERT INTO `Events` (`id_Event`, `ToFrom`, `ToWhom`, `date`, `Description`, `IsRead`, `isSend`) VALUES
(379, 1, 1, '2011-10-11 09:43:20', 'Статус изменен:выполнена задача: составить список всех изделий, отметить что сделано, объяснить всю проблему ситуации ЗСН', 1, 0),
(380, 1, 1, '2011-10-11 09:43:59', 'Задача: Настроить ТСД                                      Исполнитель: Рябинина Татьяна                               Новый ход: дописать обработку отгрузки накладной', 1, 0),
(381, 1, 1, '2011-10-11 09:46:01', 'Задача: найти альтернативного интернет-провайдера для переноса серверов                                                Исполнитель: Рябинина Татьяна                               Новый ход: не париться, а использовать МТС 3g', 1, 0),
(382, 1, 1, '2011-10-11 09:46:43', 'Задача: Разобраться с печатью этикеток из Gemo             Исполнитель: Рябинина Татьяна                               Новый ход: не париться, а печатать из 1с', 1, 0),
(383, 1, 1, '2011-10-11 09:46:57', 'Статус изменен:в процессе задача: Разобраться с печатью этикеток из Gemo', 1, 0),
(384, 1, 1, '2011-10-11 09:47:28', 'Новая задача: сделать егоровой удаленный доступ к 1С       Исполнитель: Рябинина Татьяна', 1, 0),
(385, 1, 1, '2011-10-11 09:47:46', 'Статус изменен:в процессе задача: сделать егоровой удаленный доступ к 1С', 1, 0),
(386, 1, 6, '2011-10-11 10:02:49', 'Статус изменен:важно задача: Сделать детализацию по звонкам', 1, 0),
(387, 1, 1, '2011-10-11 10:04:01', 'Статус изменен:важно задача: написать письмо про t-log', 1, 0),
(388, 1, 1, '2011-10-11 10:04:22', 'Статус изменен:важно задача: Настроить ТСД', 1, 0),
(389, 1, 1, '2011-10-11 10:04:35', 'Статус изменен:важно задача: Написать инструкцию по Gemo и Desmos', 1, 0),
(390, 5, 1, '2011-10-11 10:15:39', 'Задача: Сеть Биесса Плюс (area6)                           Исполнитель: Лахнов Александр                               Новый ход: Завел провода в шкаф супервайзера... оконечивать наверно будут итальянцы', 1, 0),
(391, 5, 1, '2011-10-11 10:16:39', 'Задача: Телефоны Плюс (проходная 2)                        Исполнитель: Лахнов Александр                               Новый ход: Телефон подключен (114)', 1, 0),
(392, 5, 1, '2011-10-11 10:17:51', 'Задача: Перенос сети и телефона в участке упаковки         Исполнитель: Лахнов Александр                               Новый ход: выполнено (от телефона Карабатов отказался, сказав что он им не пользуется)', 1, 0),
(393, 5, 1, '2011-10-11 10:20:36', 'Статус изменен:в процессе задача: Перенос сети и телефона в участке упаковки', 1, 0),
(394, 1, 1, '2011-10-11 10:23:11', 'Ваша задача: Новое рабочее место в Снабжение передана другому', 1, 0),
(395, 1, 7, '2011-10-11 10:23:11', 'Новая задача: Новое рабочее место в Снабжение', 1, 0),
(396, 4, 1, '2011-10-11 11:06:19', 'Изменена задача: Возврат поставщику_, Реализация_, Перемещение_ только для Сибири Наташе Тараненко, добавить закладку ТТН', 1, 0),
(397, 5, 1, '2011-10-11 11:16:53', 'Новая задача: ЛДВ: Проверить винчеcтеры на сервере ldv-01 (raid выдает ошибки)                                         Исполнитель: Лахнов Александр', 1, 0),
(398, 2, 1, '2011-10-11 11:50:22', 'Задача: Tasks. Пожелания                                   Исполнитель: Иванов Антон                                   Новый ход: Мигание', 1, 0),
(399, 2, 1, '2011-10-11 13:49:22', 'Задача: Отпуска без содержания. Исправить отчет.           Исполнитель: Иванов Антон                                   Новый ход: Исправил. показал.', 1, 0),
(400, 2, 1, '2011-10-11 13:49:31', 'Статус изменен:не начата задача: автоматическая установка даты запрета редактирования для Операторов производства', 1, 0),
(401, 1, 2, '2011-10-11 13:53:35', 'Статус изменен:выполнена задача: Отпуска без содержания. Исправить отчет.', 1, 0),
(402, 1, 7, '2011-10-11 14:06:40', 'Статус изменен:в процессе задача: в цимлянске нужно обновить ключ Банк-Клиента СберБанка до понедельника.', 1, 0),
(403, 1, 7, '2011-10-11 14:07:03', 'Задача: в цимлянске нужно обновить ключ Банк-Клиента СберБанка до понедельника.                                        Исполнитель: Пащенко Александр                              Новый ход: решить появившиеся проблемы', 1, 0),
(404, 1, 5, '2011-10-11 14:09:00', 'Статус изменен:выполнена задача: Перенос сети и телефона в участке упаковки', 1, 0),
(405, 1, 5, '2011-10-11 14:09:51', 'Статус изменен:выполнена задача: Телефоны Плюс (проходная 2)', 1, 0),
(406, 1, 7, '2011-10-11 14:13:04', 'Статус изменен:выполнена задача: в цимлянске нужно обновить ключ Банк-Клиента СберБанка до понедельника.', 1, 0),
(407, 7, 1, '2011-10-11 14:14:52', 'Задача: найти фирмы которые делают автоматические проходные. узнать стоимость.                                         Исполнитель: Пащенко Александр                              Новый ход: У CКД-Юг похоже не работает телефон. Трубку берет автоответчик. Я им оставил наш номер и попросил перезонить. Но надежды мало.\nБуду искать ещё фирмы.', 1, 0),
(408, 7, 1, '2011-10-11 14:15:30', 'Задача: Новое рабочее место в Снабжение                    Исполнитель: Пащенко Александр                              Новый ход: Перепаял кондеры на мамке. Надо проверить ее. Запускается ли теперь.', 1, 0),
(409, 7, 1, '2011-10-11 14:18:41', 'Задача: Тестирование терминала A04-ts                      Исполнитель: Пащенко Александр                              Новый ход: Поставил Windows Server 2003 R2 x64 на один из итальянских компов. Немного непонятно с лицензиями. Разбираюсь.', 1, 0),
(410, 1, 5, '2011-10-11 15:01:37', 'Новая задача: купить Тане флешку                           Исполнитель: Лахнов Александр', 1, 0),
(411, 1, 1, '2011-10-11 15:47:16', 'Статус изменен:отменена задача: Продемонстрировать работу Гемо-Десмос-Оптипланинг людям', 1, 0),
(412, 1, 1, '2011-10-11 15:51:01', 'Новая задача: сменить пароль на билайновской карте у ЗСН   Исполнитель: Рябинина Татьяна', 1, 0),
(413, 1, 1, '2011-10-11 15:52:34', 'Ваша задача: можно ли передать лицензии на мс сервер аффилированному лицу передана другому', 1, 0),
(414, 1, 7, '2011-10-11 15:52:34', 'Новая задача: можно ли передать лицензии на мс сервер аффилированному лицу', 1, 0),
(415, 7, 1, '2011-10-11 15:57:09', 'Новая задача: обновить банк-клиент СберБанка               Исполнитель: Пащенко Александр', 1, 0),
(416, 2, 1, '2011-10-11 15:59:25', 'Новая задача: Положить деньги Змиевскому на Ipad           Исполнитель: Рябинина Татьяна', 1, 0),
(417, 2, 1, '2011-10-11 16:10:42', 'Задача: Положить деньги Змиевскому на Ipad                 Исполнитель: Рябинина Татьяна                               Новый ход: А потом еще Авансовый сделать', 1, 0),
(418, 2, 1, '2011-10-11 16:10:42', 'Задача: Положить деньги Змиевскому на Ipad                 Исполнитель: Рябинина Татьяна                               Новый ход: А потом еще Авансовый сделать', 1, 0),
(419, 2, 1, '2011-10-11 16:14:41', 'Задача: Положить деньги Змиевскому на Ipad                 Исполнитель: Рябинина Татьяна                               Новый ход: и чек не забыть взять', 1, 0),
(420, 1, 1, '2011-10-11 16:55:47', 'Статус изменен:в процессе задача: Положить деньги Змиевскому на Ipad', 1, 0),
(421, 1, 1, '2011-10-11 16:56:05', 'Задача: сделать егоровой удаленный доступ к 1С             Исполнитель: Рябинина Татьяна                               Новый ход: тестим', 1, 0),
(422, 2, 6, '2011-10-12 08:11:02', 'Новая задача: Написать заявление о выходе с отпуска        Исполнитель: Чубукин Денис', 1, 0),
(423, 2, 1, '2011-10-12 08:11:02', 'Новая задача: Написать заявление о выходе с отпуска        Исполнитель: Чубукин Денис', 1, 0),
(424, 1, 7, '2011-10-12 08:28:39', 'Новая задача: переделать Поздняковой файлик расчета        Исполнитель: Пащенко Александр', 1, 0),
(425, 1, 1, '2011-10-12 08:40:16', 'Статус изменен:выполнена задача: Положить деньги Змиевскому на Ipad', 1, 0),
(426, 1, 1, '2011-10-12 08:41:25', 'Задача: Написать инструкцию по Gemo и Desmos               Исполнитель: Рябинина Татьяна                               Новый ход: два файла по десмосу выложила, надо еще про правила написать и про производственные заказы', 1, 0),
(427, 1, 1, '2011-10-12 08:41:48', 'Статус изменен:отменена задача: Разобраться с печатью этикеток из Gemo', 1, 0),
(428, 1, 5, '2011-10-12 08:43:21', 'Ваша задача: купить Тане флешку передана другому', 1, 0),
(429, 1, 6, '2011-10-12 08:43:21', 'Новая задача: купить Тане флешку', 1, 0),
(430, 6, 1, '2011-10-12 08:44:05', 'Статус изменен:в процессе задача: дефектная ведомость на кабель витуху до конца недели сделать.', 1, 0),
(431, 2, 1, '2011-10-12 09:49:57', 'Задача: Обновить базу до 1.17                              Исполнитель: Иванов Антон                                   Новый ход: Обновленную CF подготовил, поднял у себя сервер 1с обновленный, пробую обновлять.', 1, 0),
(432, 2, 1, '2011-10-12 09:50:08', 'Задача: Обновить базу до 1.17                              Исполнитель: Иванов Антон                                   Новый ход: Масло масленное', 1, 0),
(433, 1, 6, '2011-10-12 11:49:18', 'Задача: Сделать детализацию по звонкам                     Исполнитель: Чубукин Денис                                  Новый ход: найти по каким договорам какие телефоны, список телефонов, на которые подключены услуги МГ и МН дать мне', 1, 0),
(434, 1, 6, '2011-10-12 13:21:16', 'Статус изменен:выполнена задача: дефектная ведомость на кабель витуху до конца недели сделать.', 1, 0),
(435, 1, 1, '2011-10-12 13:22:46', 'Статус изменен:выполнена задача: сделать егоровой удаленный доступ к 1С', 1, 0),
(436, 1, 1, '2011-10-12 13:22:58', 'Статус изменен:выполнена задача: записать молодкину диск и передать олесе', 1, 0),
(437, 7, 1, '2011-10-12 14:58:21', 'Новая задача: починить городской телефон маркетосам        Исполнитель: Пащенко Александр', 1, 0),
(438, 7, 1, '2011-10-12 14:58:49', 'Новая задача: у Августа вопрос по поводу мыла и браузера Сафари. Надо посмореть.                                       Исполнитель: Пащенко Александр', 1, 0),
(439, 1, 1, '2011-10-12 15:13:15', 'Новая задача: Заключить договор с МТТ                      Исполнитель: Рябинина Татьяна', 1, 0),
(440, 1, 1, '2011-10-12 15:22:19', 'Задача: Заключить договор с МТТ                            Исполнитель: Рябинина Татьяна                               Новый ход: отправила номера телефонов и реквизиты, ждем проект договора и согласование', 1, 0),
(441, 1, 1, '2011-10-12 15:25:05', 'Новая задача: удалить удаленные объекты из Gemo            Исполнитель: Рябинина Татьяна', 1, 0),
(442, 1, 6, '2011-10-12 15:42:46', 'Новая задача: добить тему с дешевым интернетом             Исполнитель: Чубукин Денис', 1, 0),
(443, 4, 1, '2011-10-12 15:51:19', 'Задача: Возврат поставщику_, Реализация_, Перемещение_ только для Сибири Наташе Тараненко, добавить закладку ТТН       Исполнитель: Кучеренко Александр                            Новый ход: Для организаций Самара , Сибирь, Москва, Курск реализовано', 1, 0),
(444, 1, 1, '2011-10-12 15:58:28', 'Статус изменен:отменена задача: найти альтернативного интернет-провайдера для переноса серверов', 1, 0),
(445, 1, 1, '2011-10-12 15:58:51', 'Статус изменен:в процессе задача: написать письмо про t-log', 1, 0),
(446, 1, 1, '2011-10-12 15:59:12', 'Новая задача: потребовать чертежи у дацюка                 Исполнитель: Рябинина Татьяна', 1, 0),
(447, 5, 1, '2011-10-12 16:45:15', 'Новая задача: Прокладка сети (Алмаз+)                      Исполнитель: Лахнов Александр', 1, 0),
(448, 5, 1, '2011-10-12 16:48:01', 'Задача: Прокладка сети (Алмаз+)                            Исполнитель: Лахнов Александр                               Новый ход: Проложили еще 18м лотка', 1, 0),
(449, 6, 1, '2011-10-12 16:55:33', 'Статус изменен:в процессе задача: Написать заявление о выходе с отпуска', 1, 0),
(450, 1, 6, '2011-10-12 16:59:40', 'Статус изменен:выполнена задача: Написать заявление о выходе с отпуска', 1, 0),
(451, 4, 1, '2011-10-12 17:00:10', 'Задача: Возврат поставщику_, Реализация_, Перемещение_ только для Сибири Наташе Тараненко, добавить закладку ТТН       Исполнитель: Кучеренко Александр                            Новый ход: В самаре дополнительно доработка по ТТНке', 1, 0),
(452, 7, 1, '2011-10-12 17:02:14', 'Задача: Новое рабочее место в Снабжение                    Исполнитель: Пащенко Александр                              Новый ход: можно сказать готово. комп собран. софт поставлен. в домен введен. щас тесты на стабильность идут. ибо мамка ремонтирована. вроде нормально все. юзера только надо завести', 1, 0),
(453, 2, 1, '2011-10-12 21:35:25', 'Задача: Обновить базу до 1.17                              Исполнитель: Иванов Антон                                   Новый ход: Обновил платформу до 8.2.14.537 на сервере', 1, 0),
(454, 1, 2, '2011-10-12 21:49:20', 'Задача: Обновить базу до 1.17                              Исполнитель: Иванов Антон                                   Новый ход: как ты это сделал?', 1, 0),
(455, 4, 1, '2011-10-13 08:26:56', 'Задача: Возврат поставщику_, Реализация_, Перемещение_ только для Сибири Наташе Тараненко, добавить закладку ТТН       Исполнитель: Кучеренко Александр                            Новый ход: Нижний сделал', 1, 0),
(456, 1, 2, '2011-10-13 08:28:33', 'Задача: Обновить базу до 1.17                              Исполнитель: Иванов Антон                                   Новый ход: серега тебе звонил? дочка у него родилась :)', 1, 0),
(457, 2, 1, '2011-10-13 08:39:55', 'Задача: Обновить базу до 1.17                              Исполнитель: Иванов Антон                                   Новый ход: нет не звонил', 1, 0),
(458, 7, 1, '2011-10-13 09:56:25', 'Задача: обновить банк-клиент СберБанка                     Исполнитель: Пащенко Александр                              Новый ход: обновил.', 1, 0),
(459, 5, 1, '2011-10-13 10:14:08', 'Новая задача: Проверка пропускной способности 3G МТС (linux)Исполнитель: Лахнов Александр', 1, 0),
(460, 1, 7, '2011-10-13 10:20:38', 'Статус изменен:выполнена задача: обновить банк-клиент СберБанка', 1, 0),
(461, 7, 1, '2011-10-13 11:06:15', 'Задача: Новое рабочее место в Снабжение                    Исполнитель: Пащенко Александр                              Новый ход: все работает нормально. комп щас поставлю.\nюзера ему завел.\nможно закрывать задачу', 1, 0),
(462, 1, 7, '2011-10-13 11:35:36', 'Статус изменен:выполнена задача: Новое рабочее место в Снабжение', 1, 0),
(463, 7, 1, '2011-10-13 11:43:14', 'Задача: починить городской телефон маркетосам              Исполнитель: Пащенко Александр                              Новый ход: Саня починил. Не я. По памяти нашел на кроссе их провода, подергал и все заработало.', 1, 0),
(464, 1, 7, '2011-10-13 11:45:51', 'Статус изменен:выполнена задача: починить городской телефон маркетосам', 1, 0),
(465, 5, 1, '2011-10-13 11:47:40', 'Задача: Прокладка сети (Алмаз+)                            Исполнитель: Лахнов Александр                               Новый ход: Проложили еще 18м лотка', 1, 0),
(466, 5, 1, '2011-10-13 11:51:20', 'Задача: Заказать лотки, стяжки                             Исполнитель: Лахнов Александр                               Новый ход: выполнено: заказал 240м лотка и 1000 стяжек', 1, 0),
(467, 2, 1, '2011-10-13 11:51:50', 'Задача: Закрыть Август.                                    Исполнитель: Иванов Антон                                   Новый ход: опять открыт, буду крутить эээ сегодня?', 1, 0),
(468, 2, 1, '2011-10-13 11:51:58', 'Задача: Закрыть Сентябрь                                   Исполнитель: Иванов Антон                                   Новый ход: Подтягиваю месяц', 1, 0),
(469, 5, 1, '2011-10-13 12:01:30', 'Новая задача: Обновить ERA server на a2-dc                 Исполнитель: Лахнов Александр', 1, 0),
(470, 6, 1, '2011-10-13 13:03:59', 'Статус изменен:в процессе задача: добить тему с дешевым интернетом', 1, 0),
(471, 6, 1, '2011-10-13 13:04:07', 'Статус изменен:в процессе задача: купить Тане флешку', 1, 0),
(472, 1, 1, '2011-10-13 13:44:55', 'Новая задача: Установить 1С:Статистику Погореловой         Исполнитель: Рябинина Татьяна', 1, 0),
(473, 1, 1, '2011-10-13 13:45:46', 'Задача: Установить 1С:Статистику Погореловой               Исполнитель: Рябинина Татьяна                               Новый ход: Прочитать документацию, что же там нужно забить, расмотреть возможность выгрузки из нашей базы', 1, 0),
(474, 1, 1, '2011-10-13 13:51:04', 'Задача: Установить 1С:Статистику Погореловой               Исполнитель: Рябинина Татьяна                               Новый ход: Прочитать документашку, установить так же демку и если можно перезагрузить данные из нашей базы', 1, 0),
(475, 7, 1, '2011-10-13 13:52:40', 'Задача: найти фирмы которые делают автоматические проходные. узнать стоимость.                                         Исполнитель: Пащенко Александр                              Новый ход: Связался с СКД-ЮГ. Накатал им огроменное письмо, с кучей вопросов и про проходную, и про контроль охранников, и про РФИД-метки. Они подтвердили получение. Жду ответов.', 1, 0),
(476, 1, 1, '2011-10-13 13:52:50', 'Ваша задача: Заключить договор с МТТ передана другому', 1, 0),
(477, 1, 6, '2011-10-13 13:52:50', 'Новая задача: Заключить договор с МТТ', 1, 0),
(478, 1, 1, '2011-10-13 13:53:39', 'Задача: Увеличить длину поля в терминале до 110            Исполнитель: Рябинина Татьяна                               Новый ход: договорилась с машей и сансанычем на завтра на утро', 1, 0),
(479, 1, 1, '2011-10-13 13:53:51', 'Статус изменен:в процессе задача: Увеличить длину поля в терминале до 110', 1, 0),
(480, 7, 1, '2011-10-13 14:38:07', 'Задача: у Августа вопрос по поводу мыла и браузера Сафари. Надо посмореть.                                             Исполнитель: Пащенко Александр                              Новый ход: Саня заходил к нему. Почту настроил. Сафари у него глючит, и решили что и хрен с ним.', 1, 0),
(481, 1, 7, '2011-10-13 14:38:31', 'Статус изменен:выполнена задача: у Августа вопрос по поводу мыла и браузера Сафари. Надо посмореть.', 1, 0),
(482, 2, 5, '2011-10-13 14:44:42', 'Новая задача: Web Tasks                                    Исполнитель: Лахнов Александр', 1, 0),
(483, 2, 1, '2011-10-13 14:44:42', 'Новая задача: Web Tasks                                    Исполнитель: Лахнов Александр', 1, 0),
(484, 7, 5, '2011-10-13 15:16:46', 'Новая задача: Сделать Комиссару Ржевскому доступ в инет. Комп GMTS-07                                                  Исполнитель: Лахнов Александр', 1, 0),
(485, 7, 1, '2011-10-13 15:16:46', 'Новая задача: Сделать Комиссару Ржевскому доступ в инет. Комп GMTS-07                                                  Исполнитель: Лахнов Александр', 1, 0),
(486, 1, 1, '2011-10-13 16:06:13', 'Новая задача: ошибка в Gemo при переходе в управляющие артиклы через навигацию из базового списка                      Исполнитель: Рябинина Татьяна', 1, 0),
(487, 1, 1, '2011-10-13 16:22:47', 'Новая задача: Сказать Перезве, что добавим базу данных пакетов в ТСД и сказать, что если сканировать ВСЁ! то это намного уменьшит файл неукомлектованных                           Исполнитель: Рябинина Татьяна', 1, 0),
(488, 2, 1, '2011-10-14 08:04:59', 'Задача: Закрыть Август.                                    Исполнитель: Иванов Антон                                   Новый ход: покрутил. Предварительно закрыт.', 1, 0),
(489, 2, 1, '2011-10-14 11:30:15', 'Задача: Tasks. Пожелания                                   Исполнитель: Иванов Антон                                   Новый ход: Сделал автоматическое обновление программы. Тестирую.', 1, 0),
(490, 7, 1, '2011-10-14 11:49:54', 'Задача: найти фирмы которые делают автоматические проходные. узнать стоимость.                                         Исполнитель: Пащенко Александр                              Новый ход: Прислали кучу всего. Перешлю Тане на мыло, почитать, Ознакомиться. Дальше нужно уже решение руководства. Чего и сколько закупать.\nИ уточнение в плане использования РФИД-меток. В каком виде, сколько, для чего.', 1, 0),
(491, 7, 1, '2011-10-14 11:57:05', 'Задача: Проверить возможность внедрения радиочастотных меток на склад (сколько стоитметка, сколько стоит оборудование, сколько стоит внедрение, что менять?)                       Исполнитель: Пащенко Александр                              Новый ход: Пока цен не сказали, но вопрос я им отправил.', 1, 0),
(492, 2, 6, '2011-10-14 12:01:51', 'Новая задача: Заказать ТСД для Кима                        Исполнитель: Чубукин Денис', 1, 0),
(493, 2, 1, '2011-10-14 12:01:51', 'Новая задача: Заказать ТСД для Кима                        Исполнитель: Чубукин Денис', 1, 0),
(494, 6, 1, '2011-10-14 12:04:23', 'Задача: Заказать ТСД для Кима                              Исполнитель: Чубукин Денис                                  Новый ход: Произведение оплаты планируется 14.10.2011.\nПосле обеда озвучат предположительные сроки отправки машины в Москву', 1, 0),
(495, 5, 1, '2011-10-14 12:34:56', 'Задача: Сделать Комиссару Ржевскому доступ в инет. Комп GMTS-07                                                        Исполнитель: Лахнов Александр                               Новый ход: готово', 1, 0),
(496, 1, 1, '2011-10-14 14:27:47', 'Новая задача: добавить на форатексе еще базу ИП и сделать выгрузку документов                                          Исполнитель: Рябинина Татьяна', 1, 0),
(497, 2, 6, '2011-10-14 15:20:47', 'Новая задача: ПФР Форатекс                                 Исполнитель: Чубукин Денис', 0, 0),
(498, 2, 1, '2011-10-14 15:20:47', 'Новая задача: ПФР Форатекс                                 Исполнитель: Чубукин Денис', 1, 0);

-- --------------------------------------------------------

--
-- Структура таблицы `Tasks`
--

CREATE TABLE IF NOT EXISTS `Tasks` (
  `id_Task` int(10) NOT NULL AUTO_INCREMENT,
  `Name` text,
  `id_worker` int(3) DEFAULT NULL,
  `id_chief` int(3) DEFAULT NULL,
  `date` datetime DEFAULT NULL,
  `status` varchar(50) DEFAULT NULL,
  PRIMARY KEY (`id_Task`)
) ENGINE=MyISAM  DEFAULT CHARSET=utf8 AUTO_INCREMENT=182 ;

--
-- Дамп данных таблицы `Tasks`
--

INSERT INTO `Tasks` (`id_Task`, `Name`, `id_worker`, `id_chief`, `date`, `status`) VALUES
(83, 'Настроить ТСД', 1, 1, '2011-10-01 00:00:00', 'важно'),
(84, 'Рассказать ЗСН про лицензии и сервера, выпросить стопицот денег', 1, 1, '2011-10-01 00:00:00', 'в процессе'),
(85, 'Написать инструкцию по Gemo и Desmos', 1, 1, '2011-10-01 00:00:00', 'важно'),
(86, 'Обновить базу до 1.17', 2, 1, '2011-10-01 00:00:00', 'в процессе'),
(87, 'Закрыть Август.', 2, 1, '2011-10-01 00:00:00', 'в процессе'),
(88, 'Пакетная печать документов, не Групповой обработкой', 2, 1, '2011-10-01 00:00:00', 'не начата'),
(89, 'Разобраться с однокласниками и торентами в Москве', 5, 1, '2011-10-01 00:00:00', 'отменена'),
(90, 'Запретить usb на станках', 5, 1, '2011-10-01 00:00:00', 'не начата'),
(91, 'СРОЧНО!!! Штрихкоды для кики!', 1, 1, '2011-10-01 00:00:00', 'выполнена'),
(92, 'Командировка с Самару', 1, 1, '2011-10-01 00:00:00', 'не начата'),
(93, 'Командировка в Москву, переделать инет, разобрать сервер', 1, 1, '2011-10-01 00:00:00', 'не начата'),
(94, 'Командировка в Тверь, разобрать сервер', 1, 1, '2011-10-01 00:00:00', 'не начата'),
(95, 'Сделать детализацию по звонкам', 6, 1, '2011-10-01 00:00:00', 'важно'),
(96, 'Сдать авансовый отчет', 1, 1, '2011-10-01 00:00:00', 'выполнена'),
(97, 'Продемонстрировать работу Гемо-Десмос-Оптипланинг людям', 1, 1, '2011-10-01 00:00:00', 'отменена'),
(98, 'Сеть Биесса Плюс (area6)', 5, 1, '2011-10-01 00:00:00', 'в процессе'),
(99, 'Видеонаблюдение Плюс', 5, 1, '2011-10-01 00:00:00', 'в процессе'),
(100, 'Телефоны Плюс (проходная 2)', 5, 1, '2011-10-01 00:00:00', 'выполнена'),
(101, 'Подписать зарплаты', 1, 1, '2011-10-01 00:00:00', 'выполнена'),
(102, 'Разобраться с печатью этикеток из Gemo', 1, 1, '2011-10-01 00:00:00', 'отменена'),
(103, 'автоматическая установка даты запрета редактирования для Операторов производства', 2, 1, '2011-10-01 00:00:00', 'не начата'),
(104, 'Tasks. Пожелания', 2, 1, '2011-10-01 00:00:00', 'в процессе'),
(105, 'Переделать Поступление для ввода данных по ТТН в (Москве)\r\n', 4, 1, '2011-10-01 00:00:00', 'выполнена'),
(106, 'Возврат поставщику_, Реализация_, Перемещение_ только для Сибири Наташе Тараненко, добавить закладку ТТН', 4, 1, '2011-10-01 00:00:00', 'в процессе'),
(107, 'Тестирование терминала A04-ts', 7, 1, '2011-10-01 00:00:00', 'в процессе'),
(108, 'СРОЧНО!!! Отпроситься на четверг-пятницу', 1, 1, '2011-10-01 00:00:00', 'выполнена'),
(109, 'Перенос сети и телефона в участке упаковки', 5, 1, '2011-10-01 00:00:00', 'выполнена'),
(110, 'Начать бекапить базы итальянцев', 1, 1, '2011-10-01 00:00:00', 'не начата'),
(111, 'Починить ТСД для Марьиванны', 5, 1, '2011-10-01 00:00:00', 'выполнена'),
(112, 'Статистика кадров не правильные данные', 2, 1, '2011-10-01 00:00:00', 'выполнена'),
(113, 'найти фирмы которые делают автоматические проходные. узнать стоимость.', 7, 1, '2011-10-01 00:00:00', 'в процессе'),
(114, 'узнать где купить глушилки сотового и не конфликтуют ли они с оборудованием станков', 7, 1, '2011-10-01 00:00:00', 'отменена'),
(115, 'Проверить счет у Кима на Ipad', 1, 1, '2011-10-01 00:00:00', 'выполнена'),
(116, 'поставить автокад Дацюку и Попову', 7, 1, '2011-10-01 00:00:00', 'выполнена'),
(117, 'Новое рабочее место в Снабжение', 7, 1, '2011-10-01 00:00:00', 'выполнена'),
(118, 'Разобраться с оплатой телеков ЗСН', 5, 1, '2011-10-01 00:00:00', 'выполнена'),
(119, 'Подписать счет на струбцины', 1, 1, '2011-10-01 00:00:00', 'выполнена'),
(120, 'В типографии на плюсе на компе тормозит Корел Х5. Говорят Х3 не тормозил. Надо проверить что за комп, и что там тормозит.', 7, 1, '2011-10-01 00:00:00', 'выполнена'),
(121, 'ТСД. Инвентаризация.', 2, 1, '2011-10-01 00:00:00', 'выполнена'),
(122, 'можно ли передать лицензии на мс сервер аффилированному лицу', 7, 1, '2011-10-01 00:00:00', 'не начата'),
(123, 'найти альтернативного интернет-провайдера для переноса серверов', 1, 1, '2011-10-01 00:00:00', 'отменена'),
(124, 'FTP: Архивы', 2, 1, '2011-10-01 00:00:00', 'выполнена'),
(125, 'Сдать документы Сентябрь', 7, 1, '2011-10-01 00:00:00', 'выполнена'),
(126, 'Права Евгении Ебург', 1, 1, '2011-10-01 00:00:00', 'выполнена'),
(127, 'разобраться со счетами на телеки ЗСН.', 7, 1, '2011-10-01 00:00:00', 'выполнена'),
(128, 'Рейка настил на алфавит', 1, 1, '2011-10-01 00:00:00', 'выполнена'),
(129, 'Устнановить автоматическую скидку на Бейсики', 1, 1, '2011-10-01 00:00:00', 'выполнена'),
(130, 'записать молодкину диск и передать олесе', 1, 1, '2011-10-01 00:00:00', 'выполнена'),
(131, 'дефектная ведомость на кабель витуху до конца недели сделать.', 6, 1, '2011-10-01 00:00:00', 'выполнена'),
(132, 'Увеличить длину поля в терминале до 110', 1, 1, '2011-10-01 00:00:00', 'в процессе'),
(133, 'Отпуска без содержания. Исправить отчет.', 2, 1, '2011-10-01 00:00:00', 'выполнена'),
(134, 'помочь тинычу с черным списком', 1, 1, '2011-10-01 00:00:00', 'отменена'),
(135, 'в цимлянске нужно обновить ключ Банк-Клиента СберБанка до понедельника.', 7, 1, '2011-10-01 00:00:00', 'выполнена'),
(136, 'Заказать как минимум 2 бесперебойника и 3 аккума. В 5й цех на плюсе 2 шт, и у нас экономисту 1шт, и в маркетинг 2шт.', 6, 1, '2011-10-01 00:00:00', 'не начата'),
(137, 'Настроить обмен с Foratex', 3, 1, '2011-10-06 15:20:34', 'не начата'),
(138, 'Загрузить алмазПакеты в Регионы, особенно в Перьм.\nP.S. > в Пермь загрузил', 3, 1, '2011-10-06 15:29:48', 'не начата'),
(139, 'Отчет перемещение товаров в ценах номенклатуры. Неверный начальный остаток с группировкой по Регистратору', 2, 1, '2011-10-07 08:28:34', 'выполнена'),
(149, 'Размножение возвратов от регионалов', 3, 1, '2011-10-10 10:06:06', 'не начата'),
(140, 'Разобраться с настройкой mysql на a07-gw', 5, 1, '2011-10-07 11:30:26', 'не начата'),
(141, 'Заказать лотки, стяжки', 5, 1, '2011-10-07 11:31:40', 'не начата'),
(142, 'Тестирование медиаконвертера ( после выключения света отказался работать)', 5, 1, '2011-10-07 11:32:45', 'не начата'),
(143, 'Сбыт.ПланПроизводство заполнять только месячными заявками.', 2, 1, '2011-10-07 14:01:23', 'выполнена'),
(144, 'Замутить автомотическое создание бэкапов мускула на a07-gw', 5, 1, '2011-10-10 07:37:10', 'не начата'),
(145, 'Подключить к ноуту oai-08 атс максикомом по usb-com', 5, 1, '2011-10-10 07:38:02', 'не начата'),
(146, 'Подготовить старый файловый сервер a6-fs к переустановки', 5, 1, '2011-10-10 07:43:18', 'не начата'),
(147, 'Перевезти ИБП (1500 Вт) из старой серверной в новую, и подключить на него сетевое оборудование', 5, 1, '2011-10-10 07:44:34', 'не начата'),
(148, 'Закрыть Сентябрь', 2, 1, '2011-10-10 08:51:39', 'важно'),
(150, 'написать письмо про t-log', 1, 1, '2011-10-10 13:08:33', 'в процессе'),
(151, 'Перевод файлового сервера на ос linux', 5, 1, '2011-10-10 13:17:24', 'в процессе'),
(152, 'Настройка сервера бэкапов', 5, 1, '2011-10-10 13:21:57', 'не начата'),
(153, 'Проверить возможность внедрения радиочастотных меток на склад (сколько стоитметка, сколько стоит оборудование, сколько стоит внедрение, что менять?)', 7, 1, '2011-10-10 15:05:42', 'в процессе'),
(154, 'составить список всех изделий, отметить что сделано, объяснить всю проблему ситуации ЗСН', 1, 1, '2011-10-10 16:16:55', 'выполнена'),
(155, 'Прокладка сеть в ЭМС (через котельную)', 5, 1, '2011-10-10 16:42:34', 'выполнена'),
(156, 'Заказать винчестер на a05-sql', 5, 1, '2011-10-10 22:21:47', 'не начата'),
(157, 'сделать егоровой удаленный доступ к 1С', 1, 1, '2011-10-11 09:47:28', 'выполнена'),
(159, 'купить Тане флешку', 6, 1, '2011-10-11 15:01:37', 'в процессе'),
(158, 'ЛДВ: Проверить винчеcтеры на сервере ldv-01 (raid выдает ошибки)', 5, 1, '2011-10-11 11:16:53', 'важно'),
(160, 'сменить пароль на билайновской карте у ЗСН', 1, 1, '2011-10-11 15:51:01', 'не начата'),
(161, 'обновить банк-клиент СберБанка', 7, 1, '2011-10-11 15:57:09', 'выполнена'),
(162, 'Положить деньги Змиевскому на Ipad', 1, 1, '2011-10-11 15:59:25', 'выполнена'),
(163, 'Написать заявление о выходе с отпуска', 6, 1, '2011-10-12 08:11:02', 'выполнена'),
(164, 'переделать Поздняковой файлик расчета', 7, 1, '2011-10-12 08:28:39', 'не начата'),
(165, 'починить городской телефон маркетосам', 7, 1, '2011-10-12 14:58:21', 'выполнена'),
(166, 'у Августа вопрос по поводу мыла и браузера Сафари. Надо посмореть.', 7, 1, '2011-10-12 14:58:49', 'выполнена'),
(167, 'Заключить договор с МТТ', 6, 1, '2011-10-12 15:13:15', 'в процессе'),
(168, 'удалить удаленные объекты из Gemo', 1, 1, '2011-10-12 15:25:05', 'не начата'),
(169, 'добить тему с дешевым интернетом', 6, 1, '2011-10-12 15:42:46', 'в процессе'),
(170, 'потребовать чертежи у дацюка', 1, 1, '2011-10-12 15:59:12', 'не начата'),
(171, 'Прокладка сети (Алмаз+)', 5, 1, '2011-10-12 16:45:15', 'в процессе'),
(172, 'Проверка пропускной способности 3G МТС (linux)', 5, 1, '2011-10-13 10:14:08', 'не начата'),
(173, 'Обновить ERA server на a2-dc', 5, 1, '2011-10-13 12:01:30', 'не начата'),
(174, 'Установить 1С:Статистику Погореловой', 1, 1, '2011-10-13 13:44:55', 'в процессе'),
(175, 'Web Tasks', 5, 1, '2011-10-13 14:44:42', 'в процессе'),
(176, 'Сделать Комиссару Ржевскому доступ в инет. Комп GMTS-07', 5, 1, '2011-10-13 15:16:46', 'не начата'),
(177, 'ошибка в Gemo при переходе в управляющие артиклы через навигацию из базового списка', 1, 1, '2011-10-13 16:06:13', 'не начата'),
(178, 'Сказать Перезве, что добавим базу данных пакетов в ТСД и сказать, что если сканировать ВСЁ! то это намного уменьшит файл неукомлектованных', 1, 1, '2011-10-13 16:22:47', 'не начата'),
(179, 'Заказать ТСД для Кима', 6, 1, '2011-10-14 12:01:51', 'в процессе'),
(180, 'добавить на форатексе еще базу ИП и сделать выгрузку документов', 1, 1, '2011-10-14 14:27:47', 'не начата'),
(181, 'ПФР Форатекс', 6, 1, '2011-10-14 15:20:47', 'в процессе');

-- --------------------------------------------------------

--
-- Структура таблицы `WorkCourse`
--

CREATE TABLE IF NOT EXISTS `WorkCourse` (
  `id_WorkCourse` int(10) NOT NULL AUTO_INCREMENT,
  `id_Task` int(10) DEFAULT NULL,
  `LineNumber` int(10) DEFAULT NULL,
  `Date` datetime DEFAULT NULL,
  `Description` text,
  `id_Worker` int(3) DEFAULT NULL,
  PRIMARY KEY (`id_WorkCourse`)
) ENGINE=MyISAM  DEFAULT CHARSET=utf8 AUTO_INCREMENT=294 ;

--
-- Дамп данных таблицы `WorkCourse`
--

INSERT INTO `WorkCourse` (`id_WorkCourse`, `id_Task`, `LineNumber`, `Date`, `Description`, `id_Worker`) VALUES
(171, 89, 1, '2011-10-01 00:00:00', 'Там сложная задача', 2),
(172, 101, 1, '2011-10-01 00:00:00', 'Сентябрь?', 2),
(173, 91, 1, '2011-10-01 00:00:00', 'Позвонить Федору 9037723696', 1),
(174, 107, 1, '2011-10-01 00:00:00', 'а что тестировать? :)', 7),
(175, 106, 1, '2011-10-01 00:00:00', 'Для реализации уже реализовано', 4),
(176, 107, 2, '2011-10-01 00:00:00', 'надо на железяку поставить', 2),
(177, 98, 1, '2011-10-01 00:00:00', 'Все кабеля раскинуты, осталось определится с оконечкой', 5),
(178, 99, 1, '2011-10-01 00:00:00', 'Стадия заключения договора с Голден Ай', 5),
(179, 112, 1, '2011-10-01 00:00:00', 'Исправил. Попадали договорники у которых договор уже закончился.', 2),
(180, 91, 2, '2011-10-01 00:00:00', 'Выслала письмо Дмитрию, жду ответа', 1),
(181, 96, 1, '2011-10-01 00:00:00', 'Сдать остаток суммы в кассу', 1),
(182, 113, 1, '2011-10-01 00:00:00', 'Позвонил в Инфо21. Сказали что делают, Но нужного человека нет на месте. Буду перезванивать.', 7),
(183, 116, 1, '2011-10-01 00:00:00', 'лицушного ни у кого нет. Буду искать ломаный и качать', 7),
(184, 96, 2, '2011-10-01 00:00:00', '', 1),
(185, 119, 1, '2011-10-01 00:00:00', 'Передала заявку Веревке', 1),
(186, 116, 2, '2011-10-01 00:00:00', 'Саня нашёл у себя дистр Автокада. Автокад 2010. русский. портабельный.\r\nПоставил и Дацюку и Попову. У Дацюка проверил - работает. У Попова еще нет.', 7),
(187, 111, 1, '2011-10-01 00:00:00', 'готово...\r\n', 5),
(188, 111, 2, '2011-10-01 00:00:00', '', 5),
(189, 107, 3, '2011-10-01 00:00:00', 'Попробовал проблемный принтер HP 1020. Печатает нормально и с моего компа. И с терминала. Никаких левых окошек не вылазит.', 7),
(190, 107, 4, '2011-10-01 00:00:00', 'Можно поставить на железяку, но надо чтобы Саня привёз ее с плюса. Один из компов что для Итальянцев покупали.', 7),
(191, 111, 3, '2011-10-01 00:00:00', '', 5),
(192, 111, 4, '2011-10-01 00:00:00', '....', 5),
(193, 111, 5, '2011-10-01 00:00:00', '\r\n', 5),
(194, 113, 2, '2011-10-01 00:00:00', 'ИНФО21. Могут сделать. 150к - без монтажа, 1 турникет, софт, карточки на 1000 чел.', 7),
(195, 95, 1, '2011-10-01 00:00:00', 'Не понятно с какой стороны взяться. Денис вроде начинал. Делал запросы, откудато ему должны были присылать овтет или даже прислали. Нужно дозвонитьс', 7),
(196, 113, 3, '2011-10-01 00:00:00', 'http://www.parsec.ru - производители софта и контроллеров', 7),
(197, 124, 1, '2011-10-01 00:00:00', 'Удаление старых бекапов, не работает.', 2),
(198, 125, 1, '2011-10-01 00:00:00', '139 Мельникова Оксана, необходимо узнать оприходывали ли уже по этому документу Материал. Если нет оприходывать.', 2),
(199, 116, 7, '2011-10-01 00:00:00', 'Всё поставили. Работает.', 7),
(200, 112, 2, '2011-10-01 00:00:00', 'Тест', 2),
(201, 125, 2, '2011-10-01 00:00:00', 'По счету 550 - все проведено. Бумажечку отложу куда-нибудь.', 7),
(202, 125, 3, '2011-10-01 00:00:00', 'Дальше.. бухгалтерию интересуют счета за сентябрь за Связь - телефон и интернет. Может и еще что-то, но они и сами не помнят. Нужно узнать, что в этом отношении предпринимал Денис. Куда звонил, что спрашивал. Пока непонятно с какого конца браться за это дело. Есть у меня один телефон Ростелекома (он же ЮТК). Попроубю там что-нибудь узнать.', 7),
(203, 113, 4, '2011-10-01 00:00:00', 'Чтобы дальше что-то двигалось нужно узнать сколько чего будет: сколько турникетов, контроль в прохода в одну сторону или в обе. Нужно ли к этому комплексу подключать видеоидентификацию, и так далее. Потом нам уже посчитают нужное оборудование, и выставят счет.', 7),
(204, 127, 1, '2011-10-01 00:00:00', 'позвонил. по двум счетам из трёх всё ок. По третьему фирма Кампэй ошиблась и не туда перевела деньги. Сегодня с 16 до 18 обещали исправить', 7),
(205, 112, 3, '2011-10-01 00:00:00', 'Сделал. Отметь выполненной.', 2),
(206, 98, 2, '2011-10-01 00:00:00', 'необходимо прокинуть кабель от супервайзера до принтера\r\n', 5),
(207, 132, 1, '2011-10-01 00:00:00', 'Добавить стеклодверь в ассоль шкаф 400', 1),
(208, 124, 2, '2011-10-01 00:00:00', 'Исправил, тестирую', 2),
(209, 120, 1, '2011-10-01 00:00:00', 'Заходил, смотрел. Ничо с виду не тормозит. От слова вообще. Иличев в командировке до конца недели - поэтому спросить у него, что конкретно не так невозможно.', 7),
(210, 101, 2, '2011-10-01 00:00:00', 'Последний день', 2),
(211, 133, 1, '2011-10-06 15:15:58', 'Исправил. Тест', 2),
(212, 137, 1, '2011-10-06 15:21:25', 'нахер надо', 3),
(213, 121, 1, '2011-10-06 15:24:12', 'Сделал, Тест', 2),
(214, 104, 1, '2011-10-06 15:24:40', 'Перевел программу на работу с MySQL. Тест', 2),
(215, 86, 1, '2011-10-06 15:24:57', 'Жду когда выйдет обновление.', 2),
(216, 106, 2, '2011-10-06 15:45:11', 'Проверка связи', 2),
(217, 106, 3, '2011-10-06 15:45:40', 'Тест 2', 2),
(218, 125, 4, '2011-10-07 11:01:21', 'Большую часть счетов получить удалось по факсу у Волгодонского филиала. Это тел 220482 и 277738 (факс). А счет за МГМН дали только по 8-863-244-21-21 (Анжела), наш персональный менеджер. Вернее обещали только что вышлют на мыло.', 7),
(219, 127, 2, '2011-10-07 11:02:00', 'Сегодня наконец то пополнили счет. Дожно все работать', 7),
(220, 131, 1, '2011-10-07 11:02:14', 'Выяснил где брать. И как заполнять. Буду щас делать.', 7),
(221, 135, 1, '2011-10-07 11:02:32', 'Съездил, обновил.', 7),
(222, 111, 6, '2011-10-07 11:33:03', 'Готово', 5),
(223, 118, 1, '2011-10-07 11:33:37', 'Ждем когда запустится последний тв', 5),
(224, 139, 1, '2011-10-07 13:20:07', 'Сделал. Тест', 2),
(225, 143, 1, '2011-10-07 14:07:06', 'Сделал. ТЕст', 2),
(226, 87, 1, '2011-10-07 14:27:48', 'Предварительно закрыт.', 2),
(227, 125, 5, '2011-10-07 17:04:13', 'сдал с горем пополам', 7),
(228, 95, 2, '2011-10-07 17:04:54', 'Со счетом от Ростелекома пришла и детализация.', 7),
(229, 133, 2, '2011-10-07 20:10:16', 'требуется доработка', 2),
(230, 86, 2, '2011-10-10 08:50:03', 'Обновление вышло, буду обновлять.', 2),
(231, 118, 2, '2011-10-10 09:12:14', 'передать документы ЗОВ', 1),
(232, 113, 5, '2011-10-10 09:42:41', 'проверь фирму Легос Юг, в июне они нам готовили счет на 150 тыщ с установкой, вроде дешевле получается', 1),
(233, 104, 2, '2011-10-10 10:23:57', 'поделать что-то с фокусом', 1),
(234, 91, 3, '2011-10-10 10:28:54', 'написала снова Дмитрию и Ренату, жду ответа', 1),
(235, 95, 3, '2011-10-10 10:39:47', 'надо разобрать по каким направлениям звоним: сколько на межгород,межнарод, сколько на сотовые, сколько местные', 1),
(236, 126, 1, '2011-10-10 10:41:48', 'спросить у сереги сделано или нет', 1),
(237, 91, 4, '2011-10-10 12:46:11', 'Дима отписался, по нашим кодам все ок, переговоры приостановлены', 1),
(238, 83, 1, '2011-10-10 12:58:22', 'заказать второй ТСД, проверить com порт, попробовать прокинуть usb без сторонней программы', 1),
(239, 151, 1, '2011-10-10 13:18:19', 'Режим теста (переведены шары folders_archiv и folders_obmen)', 5),
(240, 104, 3, '2011-10-10 13:34:27', 'Сделал фокус, проверяй.', 2),
(241, 86, 3, '2011-10-10 14:04:08', 'Перед обновлением необходимо обновить платформу на сервере, и сконвертировать базы в новый формат.', 2),
(242, 104, 4, '2011-10-10 15:13:22', 'Проверка модальности событий.', 2),
(243, 150, 1, '2011-10-10 16:05:33', 'написала, жду ответа', 1),
(244, 104, 5, '2011-10-10 20:45:22', 'Добавил новый статус Важно. и картинку в строку', 2),
(245, 99, 2, '2011-10-10 22:18:53', 'Подготовка презентации руководсву', 5),
(246, 153, 1, '2011-10-11 08:33:43', 'Сколько будет стоить комплект оборудования, считывающий до 3 местров и принтер этих меток', 1),
(247, 83, 2, '2011-10-11 09:43:59', 'дописать обработку отгрузки накладной', 1),
(248, 123, 1, '2011-10-11 09:46:01', 'не париться, а использовать МТС 3g', 1),
(249, 102, 1, '2011-10-11 09:46:43', 'не париться, а печатать из 1с', 1),
(250, 98, 3, '2011-10-11 10:15:39', 'Завел провода в шкаф супервайзера... оконечивать наверно будут итальянцы', 5),
(251, 100, 1, '2011-10-11 10:16:39', 'Телефон подключен (114)', 5),
(252, 109, 1, '2011-10-11 10:17:51', 'выполнено (от телефона Карабатов отказался, сказав что он им не пользуется)', 5),
(253, 104, 6, '2011-10-11 11:50:22', 'Мигание', 2),
(254, 133, 3, '2011-10-11 13:49:22', 'Исправил. показал.', 2),
(255, 135, 2, '2011-10-11 14:07:03', 'решить появившиеся проблемы', 1),
(256, 113, 6, '2011-10-11 14:14:52', 'У CКД-Юг похоже не работает телефон. Трубку берет автоответчик. Я им оставил наш номер и попросил перезонить. Но надежды мало.\nБуду искать ещё фирмы.', 7),
(257, 117, 1, '2011-10-11 14:15:30', 'Перепаял кондеры на мамке. Надо проверить ее. Запускается ли теперь.', 7),
(258, 107, 5, '2011-10-11 14:18:41', 'Поставил Windows Server 2003 R2 x64 на один из итальянских компов. Немного непонятно с лицензиями. Разбираюсь.', 7),
(259, 162, 1, '2011-10-11 16:10:42', 'А потом еще Авансовый сделать', 2),
(260, 162, 2, '2011-10-11 16:14:41', 'и чек не забыть взять', 2),
(261, 157, 1, '2011-10-11 16:56:05', 'тестим', 1),
(262, 85, 1, '2011-10-12 08:41:25', 'два файла по десмосу выложила, надо еще про правила написать и про производственные заказы', 1),
(263, 86, 4, '2011-10-12 09:49:57', 'Обновленную CF подготовил, поднял у себя сервер 1с обновленный, пробую обновлять.', 2),
(264, 86, 5, '2011-10-12 09:50:08', 'Масло масленное', 2),
(265, 95, 4, '2011-10-12 11:49:18', 'найти по каким договорам какие телефоны, список телефонов, на которые подключены услуги МГ и МН дать мне', 1),
(266, 84, 1, '2011-10-12 15:22:19', 'отправила номера телефонов и реквизиты, ждем проект договора и согласование', 1),
(267, 106, 4, '2011-10-12 15:51:19', 'Для организаций Самара , Сибирь, Москва, Курск реализовано', 4),
(268, 141, 1, '2011-10-12 16:48:01', 'Проложили еще 18м лотка', 5),
(269, 106, 5, '2011-10-12 17:00:10', 'В самаре дополнительно доработка по ТТНке', 4),
(270, 117, 2, '2011-10-12 17:02:14', 'можно сказать готово. комп собран. софт поставлен. в домен введен. щас тесты на стабильность идут. ибо мамка ремонтирована. вроде нормально все. юзера только надо завести', 7),
(271, 86, 6, '2011-10-12 21:35:25', 'Обновил платформу до 8.2.14.537 на сервере', 2),
(272, 86, 7, '2011-10-12 21:49:20', 'как ты это сделал?', 1),
(273, 106, 6, '2011-10-13 08:26:56', 'Нижний сделал', 4),
(274, 86, 8, '2011-10-13 08:28:33', 'серега тебе звонил? дочка у него родилась :)', 1),
(275, 86, 9, '2011-10-13 08:39:55', 'нет не звонил', 2),
(276, 161, 1, '2011-10-13 09:56:25', 'обновил.', 7),
(277, 117, 3, '2011-10-13 11:06:15', 'все работает нормально. комп щас поставлю.\nюзера ему завел.\nможно закрывать задачу', 7),
(278, 165, 1, '2011-10-13 11:43:14', 'Саня починил. Не я. По памяти нашел на кроссе их провода, подергал и все заработало.', 7),
(279, 171, 1, '2011-10-13 11:47:40', 'Проложили еще 18м лотка', 5),
(280, 141, 2, '2011-10-13 11:51:20', 'выполнено: заказал 240м лотка и 1000 стяжек', 5),
(281, 87, 2, '2011-10-13 11:51:50', 'опять открыт, буду крутить эээ сегодня?', 2),
(282, 148, 1, '2011-10-13 11:51:58', 'Подтягиваю месяц', 2),
(283, 165, 2, '2011-10-13 13:45:46', 'Прочитать документацию, что же там нужно забить, расмотреть возможность выгрузки из нашей базы', 1),
(284, 174, 1, '2011-10-13 13:51:04', 'Прочитать документашку, установить так же демку и если можно перезагрузить данные из нашей базы', 1),
(285, 113, 7, '2011-10-13 13:52:40', 'Связался с СКД-ЮГ. Накатал им огроменное письмо, с кучей вопросов и про проходную, и про контроль охранников, и про РФИД-метки. Они подтвердили получение. Жду ответов.', 7),
(286, 132, 2, '2011-10-13 13:53:39', 'договорилась с машей и сансанычем на завтра на утро', 1),
(287, 166, 1, '2011-10-13 14:38:07', 'Саня заходил к нему. Почту настроил. Сафари у него глючит, и решили что и хрен с ним.', 7),
(288, 87, 3, '2011-10-14 08:04:59', 'покрутил. Предварительно закрыт.', 2),
(289, 104, 7, '2011-10-14 11:30:15', 'Сделал автоматическое обновление программы. Тестирую.', 2),
(290, 113, 8, '2011-10-14 11:49:54', 'Прислали кучу всего. Перешлю Тане на мыло, почитать, Ознакомиться. Дальше нужно уже решение руководства. Чего и сколько закупать.\nИ уточнение в плане использования РФИД-меток. В каком виде, сколько, для чего.', 7),
(291, 153, 2, '2011-10-14 11:57:05', 'Пока цен не сказали, но вопрос я им отправил.', 7),
(292, 179, 1, '2011-10-14 12:04:23', 'Произведение оплаты планируется 14.10.2011.\nПосле обеда озвучат предположительные сроки отправки машины в Москву', 6),
(293, 176, 1, '2011-10-14 12:34:56', 'готово', 5);

-- --------------------------------------------------------

--
-- Структура таблицы `Workers`
--

CREATE TABLE IF NOT EXISTS `Workers` (
  `id_Worker` int(3) NOT NULL AUTO_INCREMENT,
  `Name` text,
  `Post` text,
  `UserWindows` text,
  `psw` text,
  `email` text,
  `noticeofevents` int(1) DEFAULT NULL,
  PRIMARY KEY (`id_Worker`)
) ENGINE=MyISAM  DEFAULT CHARSET=utf8 AUTO_INCREMENT=8 ;

--
-- Дамп данных таблицы `Workers`
--

INSERT INTO `Workers` (`id_Worker`, `Name`, `Post`, `UserWindows`, `psw`, `email`, `noticeofevents`) VALUES
(1, 'Рябинина Татьяна', 'Начальник', 'tanka', NULL, '', NULL),
(2, 'Иванов Антон', 'Программист', 'ivanov', NULL, 'BlizzardAnton@mail.ru', 1),
(3, 'Омельчук Сергей', 'Программист', 'Somel', NULL, '', NULL),
(4, 'Кучеренко Александр', 'Программист', 'Kucherenko', NULL, '', NULL),
(5, 'Лахнов Александр', 'Админ', 'Sanek', NULL, '', NULL),
(6, 'Чубукин Денис', 'Админ', 'Chubukin_DV', NULL, '', NULL),
(7, 'Пащенко Александр', 'Админ', 'point212', NULL, '', NULL);
